,host_processors_per_node,host_processor_model_name,host_processor_core_count,host_memory_capacity,host_storage_type,accelerators_per_node,accelerator_model_name,accelerator_memory_configuration,accelerator_memory_capacity,accelerator_interconnect,framework,operating_system,training_ms
0,2,AMD EPYC 9374F 32-Core Processor,32,2.3 TB,NVMe SSD,8,NVIDIA H100-PCIe-80GB,HBM2e,80 GB,PCIe 5.0,"NVIDIA Release 24.04 MxNet, pytorch, dgl and 23.09 pytorch",Ubuntu 20.04.6 LTS,758624.0
0,2,AMD EPYC 9374F 32-Core Processor,32,2.3 TB,NVMe SSD,8,NVIDIA H100-PCIe-80GB,HBM2e,80 GB,PCIe 5.0,"NVIDIA Release 24.04 MxNet, pytorch, dgl and 23.09 pytorch",Ubuntu 20.04.6 LTS,912974.0
0,2,AMD EPYC 9374F 32-Core Processor,32,2.3 TB,NVMe SSD,8,NVIDIA H100-PCIe-80GB,HBM2e,80 GB,PCIe 5.0,"NVIDIA Release 24.04 MxNet, pytorch, dgl and 23.09 pytorch",Ubuntu 20.04.6 LTS,961105.0
0,2,AMD EPYC 9374F 32-Core Processor,32,2.3 TB,NVMe SSD,8,NVIDIA H100-PCIe-80GB,HBM2e,80 GB,PCIe 5.0,"NVIDIA Release 24.04 MxNet, pytorch, dgl and 23.09 pytorch",Ubuntu 20.04.6 LTS,1414382.0
0,2,AMD EPYC 9374F 32-Core Processor,32,2.3 TB,NVMe SSD,8,NVIDIA H100-PCIe-80GB,HBM2e,80 GB,PCIe 5.0,"NVIDIA Release 24.04 MxNet, pytorch, dgl and 23.09 pytorch",Ubuntu 20.04.6 LTS,1186956.0
0,2,AMD EPYC 9374F 32-Core Processor,32,2.3 TB,NVMe SSD,8,NVIDIA H100-PCIe-80GB,HBM2e,80 GB,PCIe 5.0,"NVIDIA Release 24.04 MxNet, pytorch, dgl and 23.09 pytorch",Ubuntu 20.04.6 LTS,1091638.0
0,2,AMD EPYC 9374F 32-Core Processor,32,2.3 TB,NVMe SSD,8,NVIDIA H100-PCIe-80GB,HBM2e,80 GB,PCIe 5.0,"NVIDIA Release 24.04 MxNet, pytorch, dgl and 23.09 pytorch",Ubuntu 20.04.6 LTS,842606.0
0,2,AMD EPYC 9374F 32-Core Processor,32,2.3 TB,NVMe SSD,8,NVIDIA H100-PCIe-80GB,HBM2e,80 GB,PCIe 5.0,"NVIDIA Release 24.04 MxNet, pytorch, dgl and 23.09 pytorch",Ubuntu 20.04.6 LTS,782694.0
0,2,AMD EPYC 9374F 32-Core Processor,32,2.3 TB,NVMe SSD,8,NVIDIA H100-PCIe-80GB,HBM2e,80 GB,PCIe 5.0,"NVIDIA Release 24.04 MxNet, pytorch, dgl and 23.09 pytorch",Ubuntu 20.04.6 LTS,1020211.0
0,2,AMD EPYC 9374F 32-Core Processor,32,2.3 TB,NVMe SSD,8,NVIDIA H100-PCIe-80GB,HBM2e,80 GB,PCIe 5.0,"NVIDIA Release 24.04 MxNet, pytorch, dgl and 23.09 pytorch",Ubuntu 20.04.6 LTS,2170599.0
0,2,AMD EPYC 9374F 32-Core Processor,32,2.3 TB,NVMe SSD,8,NVIDIA H100-PCIe-80GB,HBM2e,80 GB,PCIe 5.0,"NVIDIA Release 24.04 MxNet, pytorch, dgl and 23.09 pytorch",Ubuntu 20.04.6 LTS,1364674.0
0,2,AMD EPYC 9374F 32-Core Processor,32,2.3 TB,NVMe SSD,8,NVIDIA H100-PCIe-80GB,HBM2e,80 GB,PCIe 5.0,"NVIDIA Release 24.04 MxNet, pytorch, dgl and 23.09 pytorch",Ubuntu 20.04.6 LTS,1080626.0
0,2,AMD EPYC 9374F 32-Core Processor,32,2.3 TB,NVMe SSD,8,NVIDIA H100-PCIe-80GB,HBM2e,80 GB,PCIe 5.0,"NVIDIA Release 24.04 MxNet, pytorch, dgl and 23.09 pytorch",Ubuntu 20.04.6 LTS,1317112.0
0,2,AMD EPYC 9374F 32-Core Processor,32,2.3 TB,NVMe SSD,8,NVIDIA H100-PCIe-80GB,HBM2e,80 GB,PCIe 5.0,"NVIDIA Release 24.04 MxNet, pytorch, dgl and 23.09 pytorch",Ubuntu 20.04.6 LTS,889482.0
0,2,AMD EPYC 9374F 32-Core Processor,32,2.3 TB,NVMe SSD,8,NVIDIA H100-PCIe-80GB,HBM2e,80 GB,PCIe 5.0,"NVIDIA Release 24.04 MxNet, pytorch, dgl and 23.09 pytorch",Ubuntu 20.04.6 LTS,1139451.0
0,2,AMD EPYC 9374F 32-Core Processor,32,2.3 TB,NVMe SSD,8,NVIDIA H100-PCIe-80GB,HBM2e,80 GB,PCIe 5.0,"NVIDIA Release 24.04 MxNet, pytorch, dgl and 23.09 pytorch",Ubuntu 20.04.6 LTS,1021390.0
0,2,AMD EPYC 9374F 32-Core Processor,32,2.3 TB,NVMe SSD,8,NVIDIA H100-PCIe-80GB,HBM2e,80 GB,PCIe 5.0,"NVIDIA Release 24.04 MxNet, pytorch, dgl and 23.09 pytorch",Ubuntu 20.04.6 LTS,866714.0
0,2,AMD EPYC 9374F 32-Core Processor,32,2.3 TB,NVMe SSD,8,NVIDIA H100-PCIe-80GB,HBM2e,80 GB,PCIe 5.0,"NVIDIA Release 24.04 MxNet, pytorch, dgl and 23.09 pytorch",Ubuntu 20.04.6 LTS,1662245.0
0,2,AMD EPYC 9374F 32-Core Processor,32,2.3 TB,NVMe SSD,8,NVIDIA H100-PCIe-80GB,HBM2e,80 GB,PCIe 5.0,"NVIDIA Release 24.04 MxNet, pytorch, dgl and 23.09 pytorch",Ubuntu 20.04.6 LTS,915823.0
0,2,AMD EPYC 9374F 32-Core Processor,32,2.3 TB,NVMe SSD,8,NVIDIA H100-PCIe-80GB,HBM2e,80 GB,PCIe 5.0,"NVIDIA Release 24.04 MxNet, pytorch, dgl and 23.09 pytorch",Ubuntu 20.04.6 LTS,1116342.0
0,2,AMD EPYC 9374F 32-Core Processor,32,2.3 TB,NVMe SSD,8,NVIDIA H100-PCIe-80GB,HBM2e,80 GB,PCIe 5.0,"NVIDIA Release 24.04 MxNet, pytorch, dgl and 23.09 pytorch",Ubuntu 20.04.6 LTS,1340792.0
0,2,AMD EPYC 9374F 32-Core Processor,32,2.3 TB,NVMe SSD,8,NVIDIA H100-PCIe-80GB,HBM2e,80 GB,PCIe 5.0,"NVIDIA Release 24.04 MxNet, pytorch, dgl and 23.09 pytorch",Ubuntu 20.04.6 LTS,1151338.0
0,2,AMD EPYC 9374F 32-Core Processor,32,2.3 TB,NVMe SSD,8,NVIDIA H100-PCIe-80GB,HBM2e,80 GB,PCIe 5.0,"NVIDIA Release 24.04 MxNet, pytorch, dgl and 23.09 pytorch",Ubuntu 20.04.6 LTS,2091304.0
0,2,AMD EPYC 9374F 32-Core Processor,32,2.3 TB,NVMe SSD,8,NVIDIA H100-PCIe-80GB,HBM2e,80 GB,PCIe 5.0,"NVIDIA Release 24.04 MxNet, pytorch, dgl and 23.09 pytorch",Ubuntu 20.04.6 LTS,1401662.0
0,2,AMD EPYC 9374F 32-Core Processor,32,2.3 TB,NVMe SSD,8,NVIDIA H100-PCIe-80GB,HBM2e,80 GB,PCIe 5.0,"NVIDIA Release 24.04 MxNet, pytorch, dgl and 23.09 pytorch",Ubuntu 20.04.6 LTS,1175236.0
0,2,AMD EPYC 9374F 32-Core Processor,32,2.3 TB,NVMe SSD,8,NVIDIA H100-PCIe-80GB,HBM2e,80 GB,PCIe 5.0,"NVIDIA Release 24.04 MxNet, pytorch, dgl and 23.09 pytorch",Ubuntu 20.04.6 LTS,1056852.0
0,2,AMD EPYC 9374F 32-Core Processor,32,2.3 TB,NVMe SSD,8,NVIDIA H100-PCIe-80GB,HBM2e,80 GB,PCIe 5.0,"NVIDIA Release 24.04 MxNet, pytorch, dgl and 23.09 pytorch",Ubuntu 20.04.6 LTS,1531987.0
0,2,AMD EPYC 9374F 32-Core Processor,32,2.3 TB,NVMe SSD,8,NVIDIA H100-PCIe-80GB,HBM2e,80 GB,PCIe 5.0,"NVIDIA Release 24.04 MxNet, pytorch, dgl and 23.09 pytorch",Ubuntu 20.04.6 LTS,807076.0
0,2,AMD EPYC 9374F 32-Core Processor,32,2.3 TB,NVMe SSD,8,NVIDIA H100-PCIe-80GB,HBM2e,80 GB,PCIe 5.0,"NVIDIA Release 24.04 MxNet, pytorch, dgl and 23.09 pytorch",Ubuntu 20.04.6 LTS,844041.0
0,2,AMD EPYC 9374F 32-Core Processor,32,2.3 TB,NVMe SSD,8,NVIDIA H100-PCIe-80GB,HBM2e,80 GB,PCIe 5.0,"NVIDIA Release 24.04 MxNet, pytorch, dgl and 23.09 pytorch",Ubuntu 20.04.6 LTS,2040837.0
0,2,AMD EPYC 9374F 32-Core Processor,32,2.3 TB,NVMe SSD,8,NVIDIA H100-PCIe-80GB,HBM2e,80 GB,PCIe 5.0,"NVIDIA Release 24.04 MxNet, pytorch, dgl and 23.09 pytorch",Ubuntu 20.04.6 LTS,1175610.0
0,2,AMD EPYC 9374F 32-Core Processor,32,2.3 TB,NVMe SSD,8,NVIDIA H100-PCIe-80GB,HBM2e,80 GB,PCIe 5.0,"NVIDIA Release 24.04 MxNet, pytorch, dgl and 23.09 pytorch",Ubuntu 20.04.6 LTS,686943.0
0,2,AMD EPYC 9374F 32-Core Processor,32,2.3 TB,NVMe SSD,8,NVIDIA H100-PCIe-80GB,HBM2e,80 GB,PCIe 5.0,"NVIDIA Release 24.04 MxNet, pytorch, dgl and 23.09 pytorch",Ubuntu 20.04.6 LTS,1163011.0
0,2,AMD EPYC 9374F 32-Core Processor,32,2.3 TB,NVMe SSD,8,NVIDIA H100-PCIe-80GB,HBM2e,80 GB,PCIe 5.0,"NVIDIA Release 24.04 MxNet, pytorch, dgl and 23.09 pytorch",Ubuntu 20.04.6 LTS,926279.0
0,2,AMD EPYC 9374F 32-Core Processor,32,2.3 TB,NVMe SSD,8,NVIDIA H100-PCIe-80GB,HBM2e,80 GB,PCIe 5.0,"NVIDIA Release 24.04 MxNet, pytorch, dgl and 23.09 pytorch",Ubuntu 20.04.6 LTS,1151816.0
0,2,AMD EPYC 9374F 32-Core Processor,32,2.3 TB,NVMe SSD,8,NVIDIA H100-PCIe-80GB,HBM2e,80 GB,PCIe 5.0,"NVIDIA Release 24.04 MxNet, pytorch, dgl and 23.09 pytorch",Ubuntu 20.04.6 LTS,878257.0
0,2,AMD EPYC 9374F 32-Core Processor,32,2.3 TB,NVMe SSD,8,NVIDIA H100-PCIe-80GB,HBM2e,80 GB,PCIe 5.0,"NVIDIA Release 24.04 MxNet, pytorch, dgl and 23.09 pytorch",Ubuntu 20.04.6 LTS,1163779.0
0,2,AMD EPYC 9374F 32-Core Processor,32,2.3 TB,NVMe SSD,8,NVIDIA H100-PCIe-80GB,HBM2e,80 GB,PCIe 5.0,"NVIDIA Release 24.04 MxNet, pytorch, dgl and 23.09 pytorch",Ubuntu 20.04.6 LTS,1104970.0
0,2,AMD EPYC 9374F 32-Core Processor,32,2.3 TB,NVMe SSD,8,NVIDIA H100-PCIe-80GB,HBM2e,80 GB,PCIe 5.0,"NVIDIA Release 24.04 MxNet, pytorch, dgl and 23.09 pytorch",Ubuntu 20.04.6 LTS,1069368.0
0,2,AMD EPYC 9374F 32-Core Processor,32,2.3 TB,NVMe SSD,8,NVIDIA H100-PCIe-80GB,HBM2e,80 GB,PCIe 5.0,"NVIDIA Release 24.04 MxNet, pytorch, dgl and 23.09 pytorch",Ubuntu 20.04.6 LTS,783258.0
1,2,AMD EPYC 9684X 96-Core Processor,96,1536 GB,NVMe SSD,8,NVIDIA H100-SXM5-80GB,HBM3,80 GB,NVLINK Gen4 900 GB/s + NVSWITCH Gen3,"NVIDIA Release 24.04 MxNet, pytorch, dgl and 23.09 pytorch",Ubuntu 22.04.2 LTS,934924.0
1,2,AMD EPYC 9684X 96-Core Processor,96,1536 GB,NVMe SSD,8,NVIDIA H100-SXM5-80GB,HBM3,80 GB,NVLINK Gen4 900 GB/s + NVSWITCH Gen3,"NVIDIA Release 24.04 MxNet, pytorch, dgl and 23.09 pytorch",Ubuntu 22.04.2 LTS,744017.0
1,2,AMD EPYC 9684X 96-Core Processor,96,1536 GB,NVMe SSD,8,NVIDIA H100-SXM5-80GB,HBM3,80 GB,NVLINK Gen4 900 GB/s + NVSWITCH Gen3,"NVIDIA Release 24.04 MxNet, pytorch, dgl and 23.09 pytorch",Ubuntu 22.04.2 LTS,858004.0
1,2,AMD EPYC 9684X 96-Core Processor,96,1536 GB,NVMe SSD,8,NVIDIA H100-SXM5-80GB,HBM3,80 GB,NVLINK Gen4 900 GB/s + NVSWITCH Gen3,"NVIDIA Release 24.04 MxNet, pytorch, dgl and 23.09 pytorch",Ubuntu 22.04.2 LTS,553438.0
1,2,AMD EPYC 9684X 96-Core Processor,96,1536 GB,NVMe SSD,8,NVIDIA H100-SXM5-80GB,HBM3,80 GB,NVLINK Gen4 900 GB/s + NVSWITCH Gen3,"NVIDIA Release 24.04 MxNet, pytorch, dgl and 23.09 pytorch",Ubuntu 22.04.2 LTS,555190.0
1,2,AMD EPYC 9684X 96-Core Processor,96,1536 GB,NVMe SSD,8,NVIDIA H100-SXM5-80GB,HBM3,80 GB,NVLINK Gen4 900 GB/s + NVSWITCH Gen3,"NVIDIA Release 24.04 MxNet, pytorch, dgl and 23.09 pytorch",Ubuntu 22.04.2 LTS,759871.0
1,2,AMD EPYC 9684X 96-Core Processor,96,1536 GB,NVMe SSD,8,NVIDIA H100-SXM5-80GB,HBM3,80 GB,NVLINK Gen4 900 GB/s + NVSWITCH Gen3,"NVIDIA Release 24.04 MxNet, pytorch, dgl and 23.09 pytorch",Ubuntu 22.04.2 LTS,715735.0
1,2,AMD EPYC 9684X 96-Core Processor,96,1536 GB,NVMe SSD,8,NVIDIA H100-SXM5-80GB,HBM3,80 GB,NVLINK Gen4 900 GB/s + NVSWITCH Gen3,"NVIDIA Release 24.04 MxNet, pytorch, dgl and 23.09 pytorch",Ubuntu 22.04.2 LTS,453532.0
1,2,AMD EPYC 9684X 96-Core Processor,96,1536 GB,NVMe SSD,8,NVIDIA H100-SXM5-80GB,HBM3,80 GB,NVLINK Gen4 900 GB/s + NVSWITCH Gen3,"NVIDIA Release 24.04 MxNet, pytorch, dgl and 23.09 pytorch",Ubuntu 22.04.2 LTS,1065364.0
1,2,AMD EPYC 9684X 96-Core Processor,96,1536 GB,NVMe SSD,8,NVIDIA H100-SXM5-80GB,HBM3,80 GB,NVLINK Gen4 900 GB/s + NVSWITCH Gen3,"NVIDIA Release 24.04 MxNet, pytorch, dgl and 23.09 pytorch",Ubuntu 22.04.2 LTS,537857.0
1,2,AMD EPYC 9684X 96-Core Processor,96,1536 GB,NVMe SSD,8,NVIDIA H100-SXM5-80GB,HBM3,80 GB,NVLINK Gen4 900 GB/s + NVSWITCH Gen3,"NVIDIA Release 24.04 MxNet, pytorch, dgl and 23.09 pytorch",Ubuntu 22.04.2 LTS,621531.0
1,2,AMD EPYC 9684X 96-Core Processor,96,1536 GB,NVMe SSD,8,NVIDIA H100-SXM5-80GB,HBM3,80 GB,NVLINK Gen4 900 GB/s + NVSWITCH Gen3,"NVIDIA Release 24.04 MxNet, pytorch, dgl and 23.09 pytorch",Ubuntu 22.04.2 LTS,476581.0
1,2,AMD EPYC 9684X 96-Core Processor,96,1536 GB,NVMe SSD,8,NVIDIA H100-SXM5-80GB,HBM3,80 GB,NVLINK Gen4 900 GB/s + NVSWITCH Gen3,"NVIDIA Release 24.04 MxNet, pytorch, dgl and 23.09 pytorch",Ubuntu 22.04.2 LTS,988979.0
1,2,AMD EPYC 9684X 96-Core Processor,96,1536 GB,NVMe SSD,8,NVIDIA H100-SXM5-80GB,HBM3,80 GB,NVLINK Gen4 900 GB/s + NVSWITCH Gen3,"NVIDIA Release 24.04 MxNet, pytorch, dgl and 23.09 pytorch",Ubuntu 22.04.2 LTS,744203.0
1,2,AMD EPYC 9684X 96-Core Processor,96,1536 GB,NVMe SSD,8,NVIDIA H100-SXM5-80GB,HBM3,80 GB,NVLINK Gen4 900 GB/s + NVSWITCH Gen3,"NVIDIA Release 24.04 MxNet, pytorch, dgl and 23.09 pytorch",Ubuntu 22.04.2 LTS,760381.0
1,2,AMD EPYC 9684X 96-Core Processor,96,1536 GB,NVMe SSD,8,NVIDIA H100-SXM5-80GB,HBM3,80 GB,NVLINK Gen4 900 GB/s + NVSWITCH Gen3,"NVIDIA Release 24.04 MxNet, pytorch, dgl and 23.09 pytorch",Ubuntu 22.04.2 LTS,691196.0
1,2,AMD EPYC 9684X 96-Core Processor,96,1536 GB,NVMe SSD,8,NVIDIA H100-SXM5-80GB,HBM3,80 GB,NVLINK Gen4 900 GB/s + NVSWITCH Gen3,"NVIDIA Release 24.04 MxNet, pytorch, dgl and 23.09 pytorch",Ubuntu 22.04.2 LTS,760410.0
1,2,AMD EPYC 9684X 96-Core Processor,96,1536 GB,NVMe SSD,8,NVIDIA H100-SXM5-80GB,HBM3,80 GB,NVLINK Gen4 900 GB/s + NVSWITCH Gen3,"NVIDIA Release 24.04 MxNet, pytorch, dgl and 23.09 pytorch",Ubuntu 22.04.2 LTS,767898.0
1,2,AMD EPYC 9684X 96-Core Processor,96,1536 GB,NVMe SSD,8,NVIDIA H100-SXM5-80GB,HBM3,80 GB,NVLINK Gen4 900 GB/s + NVSWITCH Gen3,"NVIDIA Release 24.04 MxNet, pytorch, dgl and 23.09 pytorch",Ubuntu 22.04.2 LTS,668477.0
1,2,AMD EPYC 9684X 96-Core Processor,96,1536 GB,NVMe SSD,8,NVIDIA H100-SXM5-80GB,HBM3,80 GB,NVLINK Gen4 900 GB/s + NVSWITCH Gen3,"NVIDIA Release 24.04 MxNet, pytorch, dgl and 23.09 pytorch",Ubuntu 22.04.2 LTS,454251.0
1,2,AMD EPYC 9684X 96-Core Processor,96,1536 GB,NVMe SSD,8,NVIDIA H100-SXM5-80GB,HBM3,80 GB,NVLINK Gen4 900 GB/s + NVSWITCH Gen3,"NVIDIA Release 24.04 MxNet, pytorch, dgl and 23.09 pytorch",Ubuntu 22.04.2 LTS,668597.0
1,2,AMD EPYC 9684X 96-Core Processor,96,1536 GB,NVMe SSD,8,NVIDIA H100-SXM5-80GB,HBM3,80 GB,NVLINK Gen4 900 GB/s + NVSWITCH Gen3,"NVIDIA Release 24.04 MxNet, pytorch, dgl and 23.09 pytorch",Ubuntu 22.04.2 LTS,721497.0
1,2,AMD EPYC 9684X 96-Core Processor,96,1536 GB,NVMe SSD,8,NVIDIA H100-SXM5-80GB,HBM3,80 GB,NVLINK Gen4 900 GB/s + NVSWITCH Gen3,"NVIDIA Release 24.04 MxNet, pytorch, dgl and 23.09 pytorch",Ubuntu 22.04.2 LTS,798475.0
1,2,AMD EPYC 9684X 96-Core Processor,96,1536 GB,NVMe SSD,8,NVIDIA H100-SXM5-80GB,HBM3,80 GB,NVLINK Gen4 900 GB/s + NVSWITCH Gen3,"NVIDIA Release 24.04 MxNet, pytorch, dgl and 23.09 pytorch",Ubuntu 22.04.2 LTS,508348.0
1,2,AMD EPYC 9684X 96-Core Processor,96,1536 GB,NVMe SSD,8,NVIDIA H100-SXM5-80GB,HBM3,80 GB,NVLINK Gen4 900 GB/s + NVSWITCH Gen3,"NVIDIA Release 24.04 MxNet, pytorch, dgl and 23.09 pytorch",Ubuntu 22.04.2 LTS,561363.0
1,2,AMD EPYC 9684X 96-Core Processor,96,1536 GB,NVMe SSD,8,NVIDIA H100-SXM5-80GB,HBM3,80 GB,NVLINK Gen4 900 GB/s + NVSWITCH Gen3,"NVIDIA Release 24.04 MxNet, pytorch, dgl and 23.09 pytorch",Ubuntu 22.04.2 LTS,814414.0
1,2,AMD EPYC 9684X 96-Core Processor,96,1536 GB,NVMe SSD,8,NVIDIA H100-SXM5-80GB,HBM3,80 GB,NVLINK Gen4 900 GB/s + NVSWITCH Gen3,"NVIDIA Release 24.04 MxNet, pytorch, dgl and 23.09 pytorch",Ubuntu 22.04.2 LTS,577132.0
1,2,AMD EPYC 9684X 96-Core Processor,96,1536 GB,NVMe SSD,8,NVIDIA H100-SXM5-80GB,HBM3,80 GB,NVLINK Gen4 900 GB/s + NVSWITCH Gen3,"NVIDIA Release 24.04 MxNet, pytorch, dgl and 23.09 pytorch",Ubuntu 22.04.2 LTS,1089369.0
1,2,AMD EPYC 9684X 96-Core Processor,96,1536 GB,NVMe SSD,8,NVIDIA H100-SXM5-80GB,HBM3,80 GB,NVLINK Gen4 900 GB/s + NVSWITCH Gen3,"NVIDIA Release 24.04 MxNet, pytorch, dgl and 23.09 pytorch",Ubuntu 22.04.2 LTS,531023.0
1,2,AMD EPYC 9684X 96-Core Processor,96,1536 GB,NVMe SSD,8,NVIDIA H100-SXM5-80GB,HBM3,80 GB,NVLINK Gen4 900 GB/s + NVSWITCH Gen3,"NVIDIA Release 24.04 MxNet, pytorch, dgl and 23.09 pytorch",Ubuntu 22.04.2 LTS,775538.0
1,2,AMD EPYC 9684X 96-Core Processor,96,1536 GB,NVMe SSD,8,NVIDIA H100-SXM5-80GB,HBM3,80 GB,NVLINK Gen4 900 GB/s + NVSWITCH Gen3,"NVIDIA Release 24.04 MxNet, pytorch, dgl and 23.09 pytorch",Ubuntu 22.04.2 LTS,707402.0
1,2,AMD EPYC 9684X 96-Core Processor,96,1536 GB,NVMe SSD,8,NVIDIA H100-SXM5-80GB,HBM3,80 GB,NVLINK Gen4 900 GB/s + NVSWITCH Gen3,"NVIDIA Release 24.04 MxNet, pytorch, dgl and 23.09 pytorch",Ubuntu 22.04.2 LTS,799605.0
1,2,AMD EPYC 9684X 96-Core Processor,96,1536 GB,NVMe SSD,8,NVIDIA H100-SXM5-80GB,HBM3,80 GB,NVLINK Gen4 900 GB/s + NVSWITCH Gen3,"NVIDIA Release 24.04 MxNet, pytorch, dgl and 23.09 pytorch",Ubuntu 22.04.2 LTS,339395.0
1,2,AMD EPYC 9684X 96-Core Processor,96,1536 GB,NVMe SSD,8,NVIDIA H100-SXM5-80GB,HBM3,80 GB,NVLINK Gen4 900 GB/s + NVSWITCH Gen3,"NVIDIA Release 24.04 MxNet, pytorch, dgl and 23.09 pytorch",Ubuntu 22.04.2 LTS,554090.0
1,2,AMD EPYC 9684X 96-Core Processor,96,1536 GB,NVMe SSD,8,NVIDIA H100-SXM5-80GB,HBM3,80 GB,NVLINK Gen4 900 GB/s + NVSWITCH Gen3,"NVIDIA Release 24.04 MxNet, pytorch, dgl and 23.09 pytorch",Ubuntu 22.04.2 LTS,966916.0
1,2,AMD EPYC 9684X 96-Core Processor,96,1536 GB,NVMe SSD,8,NVIDIA H100-SXM5-80GB,HBM3,80 GB,NVLINK Gen4 900 GB/s + NVSWITCH Gen3,"NVIDIA Release 24.04 MxNet, pytorch, dgl and 23.09 pytorch",Ubuntu 22.04.2 LTS,806997.0
1,2,AMD EPYC 9684X 96-Core Processor,96,1536 GB,NVMe SSD,8,NVIDIA H100-SXM5-80GB,HBM3,80 GB,NVLINK Gen4 900 GB/s + NVSWITCH Gen3,"NVIDIA Release 24.04 MxNet, pytorch, dgl and 23.09 pytorch",Ubuntu 22.04.2 LTS,799340.0
1,2,AMD EPYC 9684X 96-Core Processor,96,1536 GB,NVMe SSD,8,NVIDIA H100-SXM5-80GB,HBM3,80 GB,NVLINK Gen4 900 GB/s + NVSWITCH Gen3,"NVIDIA Release 24.04 MxNet, pytorch, dgl and 23.09 pytorch",Ubuntu 22.04.2 LTS,615352.0
1,2,AMD EPYC 9684X 96-Core Processor,96,1536 GB,NVMe SSD,8,NVIDIA H100-SXM5-80GB,HBM3,80 GB,NVLINK Gen4 900 GB/s + NVSWITCH Gen3,"NVIDIA Release 24.04 MxNet, pytorch, dgl and 23.09 pytorch",Ubuntu 22.04.2 LTS,968239.0
1,2,AMD EPYC 9684X 96-Core Processor,96,1536 GB,NVMe SSD,8,NVIDIA H100-SXM5-80GB,HBM3,80 GB,NVLINK Gen4 900 GB/s + NVSWITCH Gen3,"NVIDIA Release 24.04 MxNet, pytorch, dgl and 23.09 pytorch",Ubuntu 22.04.2 LTS,1400408.0
3,2,Intel(R) Xeon(R) Platinum 8468,48,1.024 TB,NVMe,4,NVIDIA H100-SXM5-80GB,HBM3,80 GB,18xNVLink 25GB/s,"NGC MXNet 23.04, NGC Pytorch 23.04, NGC HugeCTR 23.04",Red Hat Enterprise Linux 9.1,1953690.0
3,2,Intel(R) Xeon(R) Platinum 8468,48,1.024 TB,NVMe,4,NVIDIA H100-SXM5-80GB,HBM3,80 GB,18xNVLink 25GB/s,"NGC MXNet 23.04, NGC Pytorch 23.04, NGC HugeCTR 23.04",Red Hat Enterprise Linux 9.1,1450097.0
3,2,Intel(R) Xeon(R) Platinum 8468,48,1.024 TB,NVMe,4,NVIDIA H100-SXM5-80GB,HBM3,80 GB,18xNVLink 25GB/s,"NGC MXNet 23.04, NGC Pytorch 23.04, NGC HugeCTR 23.04",Red Hat Enterprise Linux 9.1,1685923.0
3,2,Intel(R) Xeon(R) Platinum 8468,48,1.024 TB,NVMe,4,NVIDIA H100-SXM5-80GB,HBM3,80 GB,18xNVLink 25GB/s,"NGC MXNet 23.04, NGC Pytorch 23.04, NGC HugeCTR 23.04",Red Hat Enterprise Linux 9.1,1828084.0
3,2,Intel(R) Xeon(R) Platinum 8468,48,1.024 TB,NVMe,4,NVIDIA H100-SXM5-80GB,HBM3,80 GB,18xNVLink 25GB/s,"NGC MXNet 23.04, NGC Pytorch 23.04, NGC HugeCTR 23.04",Red Hat Enterprise Linux 9.1,832240.0
3,2,Intel(R) Xeon(R) Platinum 8468,48,1.024 TB,NVMe,4,NVIDIA H100-SXM5-80GB,HBM3,80 GB,18xNVLink 25GB/s,"NGC MXNet 23.04, NGC Pytorch 23.04, NGC HugeCTR 23.04",Red Hat Enterprise Linux 9.1,1481042.0
3,2,Intel(R) Xeon(R) Platinum 8468,48,1.024 TB,NVMe,4,NVIDIA H100-SXM5-80GB,HBM3,80 GB,18xNVLink 25GB/s,"NGC MXNet 23.04, NGC Pytorch 23.04, NGC HugeCTR 23.04",Red Hat Enterprise Linux 9.1,1291231.0
3,2,Intel(R) Xeon(R) Platinum 8468,48,1.024 TB,NVMe,4,NVIDIA H100-SXM5-80GB,HBM3,80 GB,18xNVLink 25GB/s,"NGC MXNet 23.04, NGC Pytorch 23.04, NGC HugeCTR 23.04",Red Hat Enterprise Linux 9.1,879829.0
3,2,Intel(R) Xeon(R) Platinum 8468,48,1.024 TB,NVMe,4,NVIDIA H100-SXM5-80GB,HBM3,80 GB,18xNVLink 25GB/s,"NGC MXNet 23.04, NGC Pytorch 23.04, NGC HugeCTR 23.04",Red Hat Enterprise Linux 9.1,1749723.0
3,2,Intel(R) Xeon(R) Platinum 8468,48,1.024 TB,NVMe,4,NVIDIA H100-SXM5-80GB,HBM3,80 GB,18xNVLink 25GB/s,"NGC MXNet 23.04, NGC Pytorch 23.04, NGC HugeCTR 23.04",Red Hat Enterprise Linux 9.1,1780847.0
3,2,Intel(R) Xeon(R) Platinum 8468,48,1.024 TB,NVMe,4,NVIDIA H100-SXM5-80GB,HBM3,80 GB,18xNVLink 25GB/s,"NGC MXNet 23.04, NGC Pytorch 23.04, NGC HugeCTR 23.04",Red Hat Enterprise Linux 9.1,1954656.0
3,2,Intel(R) Xeon(R) Platinum 8468,48,1.024 TB,NVMe,4,NVIDIA H100-SXM5-80GB,HBM3,80 GB,18xNVLink 25GB/s,"NGC MXNet 23.04, NGC Pytorch 23.04, NGC HugeCTR 23.04",Red Hat Enterprise Linux 9.1,989739.0
3,2,Intel(R) Xeon(R) Platinum 8468,48,1.024 TB,NVMe,4,NVIDIA H100-SXM5-80GB,HBM3,80 GB,18xNVLink 25GB/s,"NGC MXNet 23.04, NGC Pytorch 23.04, NGC HugeCTR 23.04",Red Hat Enterprise Linux 9.1,1337976.0
3,2,Intel(R) Xeon(R) Platinum 8468,48,1.024 TB,NVMe,4,NVIDIA H100-SXM5-80GB,HBM3,80 GB,18xNVLink 25GB/s,"NGC MXNet 23.04, NGC Pytorch 23.04, NGC HugeCTR 23.04",Red Hat Enterprise Linux 9.1,1133201.0
3,2,Intel(R) Xeon(R) Platinum 8468,48,1.024 TB,NVMe,4,NVIDIA H100-SXM5-80GB,HBM3,80 GB,18xNVLink 25GB/s,"NGC MXNet 23.04, NGC Pytorch 23.04, NGC HugeCTR 23.04",Red Hat Enterprise Linux 9.1,2239132.0
3,2,Intel(R) Xeon(R) Platinum 8468,48,1.024 TB,NVMe,4,NVIDIA H100-SXM5-80GB,HBM3,80 GB,18xNVLink 25GB/s,"NGC MXNet 23.04, NGC Pytorch 23.04, NGC HugeCTR 23.04",Red Hat Enterprise Linux 9.1,2082658.0
3,2,Intel(R) Xeon(R) Platinum 8468,48,1.024 TB,NVMe,4,NVIDIA H100-SXM5-80GB,HBM3,80 GB,18xNVLink 25GB/s,"NGC MXNet 23.04, NGC Pytorch 23.04, NGC HugeCTR 23.04",Red Hat Enterprise Linux 9.1,2051369.0
3,2,Intel(R) Xeon(R) Platinum 8468,48,1.024 TB,NVMe,4,NVIDIA H100-SXM5-80GB,HBM3,80 GB,18xNVLink 25GB/s,"NGC MXNet 23.04, NGC Pytorch 23.04, NGC HugeCTR 23.04",Red Hat Enterprise Linux 9.1,1242994.0
3,2,Intel(R) Xeon(R) Platinum 8468,48,1.024 TB,NVMe,4,NVIDIA H100-SXM5-80GB,HBM3,80 GB,18xNVLink 25GB/s,"NGC MXNet 23.04, NGC Pytorch 23.04, NGC HugeCTR 23.04",Red Hat Enterprise Linux 9.1,1227907.0
3,2,Intel(R) Xeon(R) Platinum 8468,48,1.024 TB,NVMe,4,NVIDIA H100-SXM5-80GB,HBM3,80 GB,18xNVLink 25GB/s,"NGC MXNet 23.04, NGC Pytorch 23.04, NGC HugeCTR 23.04",Red Hat Enterprise Linux 9.1,1496912.0
3,2,Intel(R) Xeon(R) Platinum 8468,48,1.024 TB,NVMe,4,NVIDIA H100-SXM5-80GB,HBM3,80 GB,18xNVLink 25GB/s,"NGC MXNet 23.04, NGC Pytorch 23.04, NGC HugeCTR 23.04",Red Hat Enterprise Linux 9.1,1591763.0
3,2,Intel(R) Xeon(R) Platinum 8468,48,1.024 TB,NVMe,4,NVIDIA H100-SXM5-80GB,HBM3,80 GB,18xNVLink 25GB/s,"NGC MXNet 23.04, NGC Pytorch 23.04, NGC HugeCTR 23.04",Red Hat Enterprise Linux 9.1,1069360.0
3,2,Intel(R) Xeon(R) Platinum 8468,48,1.024 TB,NVMe,4,NVIDIA H100-SXM5-80GB,HBM3,80 GB,18xNVLink 25GB/s,"NGC MXNet 23.04, NGC Pytorch 23.04, NGC HugeCTR 23.04",Red Hat Enterprise Linux 9.1,1829507.0
3,2,Intel(R) Xeon(R) Platinum 8468,48,1.024 TB,NVMe,4,NVIDIA H100-SXM5-80GB,HBM3,80 GB,18xNVLink 25GB/s,"NGC MXNet 23.04, NGC Pytorch 23.04, NGC HugeCTR 23.04",Red Hat Enterprise Linux 9.1,1797444.0
3,2,Intel(R) Xeon(R) Platinum 8468,48,1.024 TB,NVMe,4,NVIDIA H100-SXM5-80GB,HBM3,80 GB,18xNVLink 25GB/s,"NGC MXNet 23.04, NGC Pytorch 23.04, NGC HugeCTR 23.04",Red Hat Enterprise Linux 9.1,1371015.0
3,2,Intel(R) Xeon(R) Platinum 8468,48,1.024 TB,NVMe,4,NVIDIA H100-SXM5-80GB,HBM3,80 GB,18xNVLink 25GB/s,"NGC MXNet 23.04, NGC Pytorch 23.04, NGC HugeCTR 23.04",Red Hat Enterprise Linux 9.1,1497373.0
3,2,Intel(R) Xeon(R) Platinum 8468,48,1.024 TB,NVMe,4,NVIDIA H100-SXM5-80GB,HBM3,80 GB,18xNVLink 25GB/s,"NGC MXNet 23.04, NGC Pytorch 23.04, NGC HugeCTR 23.04",Red Hat Enterprise Linux 9.1,1149022.0
3,2,Intel(R) Xeon(R) Platinum 8468,48,1.024 TB,NVMe,4,NVIDIA H100-SXM5-80GB,HBM3,80 GB,18xNVLink 25GB/s,"NGC MXNet 23.04, NGC Pytorch 23.04, NGC HugeCTR 23.04",Red Hat Enterprise Linux 9.1,1763879.0
3,2,Intel(R) Xeon(R) Platinum 8468,48,1.024 TB,NVMe,4,NVIDIA H100-SXM5-80GB,HBM3,80 GB,18xNVLink 25GB/s,"NGC MXNet 23.04, NGC Pytorch 23.04, NGC HugeCTR 23.04",Red Hat Enterprise Linux 9.1,1370218.0
3,2,Intel(R) Xeon(R) Platinum 8468,48,1.024 TB,NVMe,4,NVIDIA H100-SXM5-80GB,HBM3,80 GB,18xNVLink 25GB/s,"NGC MXNet 23.04, NGC Pytorch 23.04, NGC HugeCTR 23.04",Red Hat Enterprise Linux 9.1,1322876.0
3,2,Intel(R) Xeon(R) Platinum 8468,48,1.024 TB,NVMe,4,NVIDIA H100-SXM5-80GB,HBM3,80 GB,18xNVLink 25GB/s,"NGC MXNet 23.04, NGC Pytorch 23.04, NGC HugeCTR 23.04",Red Hat Enterprise Linux 9.1,1797353.0
3,2,Intel(R) Xeon(R) Platinum 8468,48,1.024 TB,NVMe,4,NVIDIA H100-SXM5-80GB,HBM3,80 GB,18xNVLink 25GB/s,"NGC MXNet 23.04, NGC Pytorch 23.04, NGC HugeCTR 23.04",Red Hat Enterprise Linux 9.1,973492.0
3,2,Intel(R) Xeon(R) Platinum 8468,48,1.024 TB,NVMe,4,NVIDIA H100-SXM5-80GB,HBM3,80 GB,18xNVLink 25GB/s,"NGC MXNet 23.04, NGC Pytorch 23.04, NGC HugeCTR 23.04",Red Hat Enterprise Linux 9.1,1859637.0
3,2,Intel(R) Xeon(R) Platinum 8468,48,1.024 TB,NVMe,4,NVIDIA H100-SXM5-80GB,HBM3,80 GB,18xNVLink 25GB/s,"NGC MXNet 23.04, NGC Pytorch 23.04, NGC HugeCTR 23.04",Red Hat Enterprise Linux 9.1,1827086.0
3,2,Intel(R) Xeon(R) Platinum 8468,48,1.024 TB,NVMe,4,NVIDIA H100-SXM5-80GB,HBM3,80 GB,18xNVLink 25GB/s,"NGC MXNet 23.04, NGC Pytorch 23.04, NGC HugeCTR 23.04",Red Hat Enterprise Linux 9.1,1338581.0
3,2,Intel(R) Xeon(R) Platinum 8468,48,1.024 TB,NVMe,4,NVIDIA H100-SXM5-80GB,HBM3,80 GB,18xNVLink 25GB/s,"NGC MXNet 23.04, NGC Pytorch 23.04, NGC HugeCTR 23.04",Red Hat Enterprise Linux 9.1,1370471.0
3,2,Intel(R) Xeon(R) Platinum 8468,48,1.024 TB,NVMe,4,NVIDIA H100-SXM5-80GB,HBM3,80 GB,18xNVLink 25GB/s,"NGC MXNet 23.04, NGC Pytorch 23.04, NGC HugeCTR 23.04",Red Hat Enterprise Linux 9.1,1195816.0
3,2,Intel(R) Xeon(R) Platinum 8468,48,1.024 TB,NVMe,4,NVIDIA H100-SXM5-80GB,HBM3,80 GB,18xNVLink 25GB/s,"NGC MXNet 23.04, NGC Pytorch 23.04, NGC HugeCTR 23.04",Red Hat Enterprise Linux 9.1,1781037.0
3,2,Intel(R) Xeon(R) Platinum 8468,48,1.024 TB,NVMe,4,NVIDIA H100-SXM5-80GB,HBM3,80 GB,18xNVLink 25GB/s,"NGC MXNet 23.04, NGC Pytorch 23.04, NGC HugeCTR 23.04",Red Hat Enterprise Linux 9.1,2651900.0
3,2,Intel(R) Xeon(R) Platinum 8468,48,1.024 TB,NVMe,4,NVIDIA H100-SXM5-80GB,HBM3,80 GB,18xNVLink 25GB/s,"NGC MXNet 23.04, NGC Pytorch 23.04, NGC HugeCTR 23.04",Red Hat Enterprise Linux 9.1,2159984.0
4,2,Intel(R) Xeon(R) Platinum 8480+,56,1.024 TB,NVMe,4,NVIDIA H100-SXM5-80GB,HBM3,80 GB,NVLink Gen4 900GB/s,"NGC MXNet 23.09, NGC PyTorch 23.09, NGC HugeCTR 23.09",Ubuntu 22.04.3 LTS,1528595.0
4,2,Intel(R) Xeon(R) Platinum 8480+,56,1.024 TB,NVMe,4,NVIDIA H100-SXM5-80GB,HBM3,80 GB,NVLink Gen4 900GB/s,"NGC MXNet 23.09, NGC PyTorch 23.09, NGC HugeCTR 23.09",Ubuntu 22.04.3 LTS,1734272.0
4,2,Intel(R) Xeon(R) Platinum 8480+,56,1.024 TB,NVMe,4,NVIDIA H100-SXM5-80GB,HBM3,80 GB,NVLink Gen4 900GB/s,"NGC MXNet 23.09, NGC PyTorch 23.09, NGC HugeCTR 23.09",Ubuntu 22.04.3 LTS,1144928.0
4,2,Intel(R) Xeon(R) Platinum 8480+,56,1.024 TB,NVMe,4,NVIDIA H100-SXM5-80GB,HBM3,80 GB,NVLink Gen4 900GB/s,"NGC MXNet 23.09, NGC PyTorch 23.09, NGC HugeCTR 23.09",Ubuntu 22.04.3 LTS,1096263.0
4,2,Intel(R) Xeon(R) Platinum 8480+,56,1.024 TB,NVMe,4,NVIDIA H100-SXM5-80GB,HBM3,80 GB,NVLink Gen4 900GB/s,"NGC MXNet 23.09, NGC PyTorch 23.09, NGC HugeCTR 23.09",Ubuntu 22.04.3 LTS,1440522.0
4,2,Intel(R) Xeon(R) Platinum 8480+,56,1.024 TB,NVMe,4,NVIDIA H100-SXM5-80GB,HBM3,80 GB,NVLink Gen4 900GB/s,"NGC MXNet 23.09, NGC PyTorch 23.09, NGC HugeCTR 23.09",Ubuntu 22.04.3 LTS,1453982.0
4,2,Intel(R) Xeon(R) Platinum 8480+,56,1.024 TB,NVMe,4,NVIDIA H100-SXM5-80GB,HBM3,80 GB,NVLink Gen4 900GB/s,"NGC MXNet 23.09, NGC PyTorch 23.09, NGC HugeCTR 23.09",Ubuntu 22.04.3 LTS,940223.0
4,2,Intel(R) Xeon(R) Platinum 8480+,56,1.024 TB,NVMe,4,NVIDIA H100-SXM5-80GB,HBM3,80 GB,NVLink Gen4 900GB/s,"NGC MXNet 23.09, NGC PyTorch 23.09, NGC HugeCTR 23.09",Ubuntu 22.04.3 LTS,938954.0
4,2,Intel(R) Xeon(R) Platinum 8480+,56,1.024 TB,NVMe,4,NVIDIA H100-SXM5-80GB,HBM3,80 GB,NVLink Gen4 900GB/s,"NGC MXNet 23.09, NGC PyTorch 23.09, NGC HugeCTR 23.09",Ubuntu 22.04.3 LTS,1160587.0
4,2,Intel(R) Xeon(R) Platinum 8480+,56,1.024 TB,NVMe,4,NVIDIA H100-SXM5-80GB,HBM3,80 GB,NVLink Gen4 900GB/s,"NGC MXNet 23.09, NGC PyTorch 23.09, NGC HugeCTR 23.09",Ubuntu 22.04.3 LTS,1438786.0
4,2,Intel(R) Xeon(R) Platinum 8480+,56,1.024 TB,NVMe,4,NVIDIA H100-SXM5-80GB,HBM3,80 GB,NVLink Gen4 900GB/s,"NGC MXNet 23.09, NGC PyTorch 23.09, NGC HugeCTR 23.09",Ubuntu 22.04.3 LTS,1080177.0
4,2,Intel(R) Xeon(R) Platinum 8480+,56,1.024 TB,NVMe,4,NVIDIA H100-SXM5-80GB,HBM3,80 GB,NVLink Gen4 900GB/s,"NGC MXNet 23.09, NGC PyTorch 23.09, NGC HugeCTR 23.09",Ubuntu 22.04.3 LTS,1360144.0
4,2,Intel(R) Xeon(R) Platinum 8480+,56,1.024 TB,NVMe,4,NVIDIA H100-SXM5-80GB,HBM3,80 GB,NVLink Gen4 900GB/s,"NGC MXNet 23.09, NGC PyTorch 23.09, NGC HugeCTR 23.09",Ubuntu 22.04.3 LTS,1437240.0
4,2,Intel(R) Xeon(R) Platinum 8480+,56,1.024 TB,NVMe,4,NVIDIA H100-SXM5-80GB,HBM3,80 GB,NVLink Gen4 900GB/s,"NGC MXNet 23.09, NGC PyTorch 23.09, NGC HugeCTR 23.09",Ubuntu 22.04.3 LTS,1221895.0
4,2,Intel(R) Xeon(R) Platinum 8480+,56,1.024 TB,NVMe,4,NVIDIA H100-SXM5-80GB,HBM3,80 GB,NVLink Gen4 900GB/s,"NGC MXNet 23.09, NGC PyTorch 23.09, NGC HugeCTR 23.09",Ubuntu 22.04.3 LTS,1671717.0
4,2,Intel(R) Xeon(R) Platinum 8480+,56,1.024 TB,NVMe,4,NVIDIA H100-SXM5-80GB,HBM3,80 GB,NVLink Gen4 900GB/s,"NGC MXNet 23.09, NGC PyTorch 23.09, NGC HugeCTR 23.09",Ubuntu 22.04.3 LTS,1764379.0
4,2,Intel(R) Xeon(R) Platinum 8480+,56,1.024 TB,NVMe,4,NVIDIA H100-SXM5-80GB,HBM3,80 GB,NVLink Gen4 900GB/s,"NGC MXNet 23.09, NGC PyTorch 23.09, NGC HugeCTR 23.09",Ubuntu 22.04.3 LTS,1299781.0
4,2,Intel(R) Xeon(R) Platinum 8480+,56,1.024 TB,NVMe,4,NVIDIA H100-SXM5-80GB,HBM3,80 GB,NVLink Gen4 900GB/s,"NGC MXNet 23.09, NGC PyTorch 23.09, NGC HugeCTR 23.09",Ubuntu 22.04.3 LTS,1639304.0
4,2,Intel(R) Xeon(R) Platinum 8480+,56,1.024 TB,NVMe,4,NVIDIA H100-SXM5-80GB,HBM3,80 GB,NVLink Gen4 900GB/s,"NGC MXNet 23.09, NGC PyTorch 23.09, NGC HugeCTR 23.09",Ubuntu 22.04.3 LTS,1361140.0
4,2,Intel(R) Xeon(R) Platinum 8480+,56,1.024 TB,NVMe,4,NVIDIA H100-SXM5-80GB,HBM3,80 GB,NVLink Gen4 900GB/s,"NGC MXNet 23.09, NGC PyTorch 23.09, NGC HugeCTR 23.09",Ubuntu 22.04.3 LTS,955741.0
4,2,Intel(R) Xeon(R) Platinum 8480+,56,1.024 TB,NVMe,4,NVIDIA H100-SXM5-80GB,HBM3,80 GB,NVLink Gen4 900GB/s,"NGC MXNet 23.09, NGC PyTorch 23.09, NGC HugeCTR 23.09",Ubuntu 22.04.3 LTS,2536917.0
4,2,Intel(R) Xeon(R) Platinum 8480+,56,1.024 TB,NVMe,4,NVIDIA H100-SXM5-80GB,HBM3,80 GB,NVLink Gen4 900GB/s,"NGC MXNet 23.09, NGC PyTorch 23.09, NGC HugeCTR 23.09",Ubuntu 22.04.3 LTS,1918429.0
4,2,Intel(R) Xeon(R) Platinum 8480+,56,1.024 TB,NVMe,4,NVIDIA H100-SXM5-80GB,HBM3,80 GB,NVLink Gen4 900GB/s,"NGC MXNet 23.09, NGC PyTorch 23.09, NGC HugeCTR 23.09",Ubuntu 22.04.3 LTS,1808566.0
4,2,Intel(R) Xeon(R) Platinum 8480+,56,1.024 TB,NVMe,4,NVIDIA H100-SXM5-80GB,HBM3,80 GB,NVLink Gen4 900GB/s,"NGC MXNet 23.09, NGC PyTorch 23.09, NGC HugeCTR 23.09",Ubuntu 22.04.3 LTS,1125925.0
4,2,Intel(R) Xeon(R) Platinum 8480+,56,1.024 TB,NVMe,4,NVIDIA H100-SXM5-80GB,HBM3,80 GB,NVLink Gen4 900GB/s,"NGC MXNet 23.09, NGC PyTorch 23.09, NGC HugeCTR 23.09",Ubuntu 22.04.3 LTS,1673772.0
4,2,Intel(R) Xeon(R) Platinum 8480+,56,1.024 TB,NVMe,4,NVIDIA H100-SXM5-80GB,HBM3,80 GB,NVLink Gen4 900GB/s,"NGC MXNet 23.09, NGC PyTorch 23.09, NGC HugeCTR 23.09",Ubuntu 22.04.3 LTS,878661.0
4,2,Intel(R) Xeon(R) Platinum 8480+,56,1.024 TB,NVMe,4,NVIDIA H100-SXM5-80GB,HBM3,80 GB,NVLink Gen4 900GB/s,"NGC MXNet 23.09, NGC PyTorch 23.09, NGC HugeCTR 23.09",Ubuntu 22.04.3 LTS,1794647.0
4,2,Intel(R) Xeon(R) Platinum 8480+,56,1.024 TB,NVMe,4,NVIDIA H100-SXM5-80GB,HBM3,80 GB,NVLink Gen4 900GB/s,"NGC MXNet 23.09, NGC PyTorch 23.09, NGC HugeCTR 23.09",Ubuntu 22.04.3 LTS,1269134.0
4,2,Intel(R) Xeon(R) Platinum 8480+,56,1.024 TB,NVMe,4,NVIDIA H100-SXM5-80GB,HBM3,80 GB,NVLink Gen4 900GB/s,"NGC MXNet 23.09, NGC PyTorch 23.09, NGC HugeCTR 23.09",Ubuntu 22.04.3 LTS,1065099.0
4,2,Intel(R) Xeon(R) Platinum 8480+,56,1.024 TB,NVMe,4,NVIDIA H100-SXM5-80GB,HBM3,80 GB,NVLink Gen4 900GB/s,"NGC MXNet 23.09, NGC PyTorch 23.09, NGC HugeCTR 23.09",Ubuntu 22.04.3 LTS,2213634.0
4,2,Intel(R) Xeon(R) Platinum 8480+,56,1.024 TB,NVMe,4,NVIDIA H100-SXM5-80GB,HBM3,80 GB,NVLink Gen4 900GB/s,"NGC MXNet 23.09, NGC PyTorch 23.09, NGC HugeCTR 23.09",Ubuntu 22.04.3 LTS,973035.0
4,2,Intel(R) Xeon(R) Platinum 8480+,56,1.024 TB,NVMe,4,NVIDIA H100-SXM5-80GB,HBM3,80 GB,NVLink Gen4 900GB/s,"NGC MXNet 23.09, NGC PyTorch 23.09, NGC HugeCTR 23.09",Ubuntu 22.04.3 LTS,1840582.0
4,2,Intel(R) Xeon(R) Platinum 8480+,56,1.024 TB,NVMe,4,NVIDIA H100-SXM5-80GB,HBM3,80 GB,NVLink Gen4 900GB/s,"NGC MXNet 23.09, NGC PyTorch 23.09, NGC HugeCTR 23.09",Ubuntu 22.04.3 LTS,1606793.0
4,2,Intel(R) Xeon(R) Platinum 8480+,56,1.024 TB,NVMe,4,NVIDIA H100-SXM5-80GB,HBM3,80 GB,NVLink Gen4 900GB/s,"NGC MXNet 23.09, NGC PyTorch 23.09, NGC HugeCTR 23.09",Ubuntu 22.04.3 LTS,1639985.0
4,2,Intel(R) Xeon(R) Platinum 8480+,56,1.024 TB,NVMe,4,NVIDIA H100-SXM5-80GB,HBM3,80 GB,NVLink Gen4 900GB/s,"NGC MXNet 23.09, NGC PyTorch 23.09, NGC HugeCTR 23.09",Ubuntu 22.04.3 LTS,1689770.0
4,2,Intel(R) Xeon(R) Platinum 8480+,56,1.024 TB,NVMe,4,NVIDIA H100-SXM5-80GB,HBM3,80 GB,NVLink Gen4 900GB/s,"NGC MXNet 23.09, NGC PyTorch 23.09, NGC HugeCTR 23.09",Ubuntu 22.04.3 LTS,1794344.0
4,2,Intel(R) Xeon(R) Platinum 8480+,56,1.024 TB,NVMe,4,NVIDIA H100-SXM5-80GB,HBM3,80 GB,NVLink Gen4 900GB/s,"NGC MXNet 23.09, NGC PyTorch 23.09, NGC HugeCTR 23.09",Ubuntu 22.04.3 LTS,893179.0
4,2,Intel(R) Xeon(R) Platinum 8480+,56,1.024 TB,NVMe,4,NVIDIA H100-SXM5-80GB,HBM3,80 GB,NVLink Gen4 900GB/s,"NGC MXNet 23.09, NGC PyTorch 23.09, NGC HugeCTR 23.09",Ubuntu 22.04.3 LTS,1783088.0
4,2,Intel(R) Xeon(R) Platinum 8480+,56,1.024 TB,NVMe,4,NVIDIA H100-SXM5-80GB,HBM3,80 GB,NVLink Gen4 900GB/s,"NGC MXNet 23.09, NGC PyTorch 23.09, NGC HugeCTR 23.09",Ubuntu 22.04.3 LTS,1812936.0
4,2,Intel(R) Xeon(R) Platinum 8480+,56,1.024 TB,NVMe,4,NVIDIA H100-SXM5-80GB,HBM3,80 GB,NVLink Gen4 900GB/s,"NGC MXNet 23.09, NGC PyTorch 23.09, NGC HugeCTR 23.09",Ubuntu 22.04.3 LTS,1843150.0
5,2,Intel(R) Xeon(R) Platinum 8480+,56,1.024 TB,NVMe,8,NVIDIA H100-SXM5-80GB,HBM3,80 GB,NVLINK Gen4 900 GB/s + NVSWITCH Gen3,"NGC MXNet 23.09, NGC PyTorch 23.09, NGC HugeCTR 23.09",Red Hat Enterprise Linux 9.1,745460.0
5,2,Intel(R) Xeon(R) Platinum 8480+,56,1.024 TB,NVMe,8,NVIDIA H100-SXM5-80GB,HBM3,80 GB,NVLINK Gen4 900 GB/s + NVSWITCH Gen3,"NGC MXNet 23.09, NGC PyTorch 23.09, NGC HugeCTR 23.09",Red Hat Enterprise Linux 9.1,691543.0
5,2,Intel(R) Xeon(R) Platinum 8480+,56,1.024 TB,NVMe,8,NVIDIA H100-SXM5-80GB,HBM3,80 GB,NVLINK Gen4 900 GB/s + NVSWITCH Gen3,"NGC MXNet 23.09, NGC PyTorch 23.09, NGC HugeCTR 23.09",Red Hat Enterprise Linux 9.1,550239.0
5,2,Intel(R) Xeon(R) Platinum 8480+,56,1.024 TB,NVMe,8,NVIDIA H100-SXM5-80GB,HBM3,80 GB,NVLINK Gen4 900 GB/s + NVSWITCH Gen3,"NGC MXNet 23.09, NGC PyTorch 23.09, NGC HugeCTR 23.09",Red Hat Enterprise Linux 9.1,969812.0
5,2,Intel(R) Xeon(R) Platinum 8480+,56,1.024 TB,NVMe,8,NVIDIA H100-SXM5-80GB,HBM3,80 GB,NVLINK Gen4 900 GB/s + NVSWITCH Gen3,"NGC MXNet 23.09, NGC PyTorch 23.09, NGC HugeCTR 23.09",Red Hat Enterprise Linux 9.1,410915.0
5,2,Intel(R) Xeon(R) Platinum 8480+,56,1.024 TB,NVMe,8,NVIDIA H100-SXM5-80GB,HBM3,80 GB,NVLINK Gen4 900 GB/s + NVSWITCH Gen3,"NGC MXNet 23.09, NGC PyTorch 23.09, NGC HugeCTR 23.09",Red Hat Enterprise Linux 9.1,752611.0
5,2,Intel(R) Xeon(R) Platinum 8480+,56,1.024 TB,NVMe,8,NVIDIA H100-SXM5-80GB,HBM3,80 GB,NVLINK Gen4 900 GB/s + NVSWITCH Gen3,"NGC MXNet 23.09, NGC PyTorch 23.09, NGC HugeCTR 23.09",Red Hat Enterprise Linux 9.1,629869.0
5,2,Intel(R) Xeon(R) Platinum 8480+,56,1.024 TB,NVMe,8,NVIDIA H100-SXM5-80GB,HBM3,80 GB,NVLINK Gen4 900 GB/s + NVSWITCH Gen3,"NGC MXNet 23.09, NGC PyTorch 23.09, NGC HugeCTR 23.09",Red Hat Enterprise Linux 9.1,1079338.0
5,2,Intel(R) Xeon(R) Platinum 8480+,56,1.024 TB,NVMe,8,NVIDIA H100-SXM5-80GB,HBM3,80 GB,NVLINK Gen4 900 GB/s + NVSWITCH Gen3,"NGC MXNet 23.09, NGC PyTorch 23.09, NGC HugeCTR 23.09",Red Hat Enterprise Linux 9.1,489315.0
5,2,Intel(R) Xeon(R) Platinum 8480+,56,1.024 TB,NVMe,8,NVIDIA H100-SXM5-80GB,HBM3,80 GB,NVLINK Gen4 900 GB/s + NVSWITCH Gen3,"NGC MXNet 23.09, NGC PyTorch 23.09, NGC HugeCTR 23.09",Red Hat Enterprise Linux 9.1,1179217.0
5,2,Intel(R) Xeon(R) Platinum 8480+,56,1.024 TB,NVMe,8,NVIDIA H100-SXM5-80GB,HBM3,80 GB,NVLINK Gen4 900 GB/s + NVSWITCH Gen3,"NGC MXNet 23.09, NGC PyTorch 23.09, NGC HugeCTR 23.09",Red Hat Enterprise Linux 9.1,706664.0
5,2,Intel(R) Xeon(R) Platinum 8480+,56,1.024 TB,NVMe,8,NVIDIA H100-SXM5-80GB,HBM3,80 GB,NVLINK Gen4 900 GB/s + NVSWITCH Gen3,"NGC MXNet 23.09, NGC PyTorch 23.09, NGC HugeCTR 23.09",Red Hat Enterprise Linux 9.1,543949.0
5,2,Intel(R) Xeon(R) Platinum 8480+,56,1.024 TB,NVMe,8,NVIDIA H100-SXM5-80GB,HBM3,80 GB,NVLINK Gen4 900 GB/s + NVSWITCH Gen3,"NGC MXNet 23.09, NGC PyTorch 23.09, NGC HugeCTR 23.09",Red Hat Enterprise Linux 9.1,1209943.0
5,2,Intel(R) Xeon(R) Platinum 8480+,56,1.024 TB,NVMe,8,NVIDIA H100-SXM5-80GB,HBM3,80 GB,NVLINK Gen4 900 GB/s + NVSWITCH Gen3,"NGC MXNet 23.09, NGC PyTorch 23.09, NGC HugeCTR 23.09",Red Hat Enterprise Linux 9.1,675163.0
5,2,Intel(R) Xeon(R) Platinum 8480+,56,1.024 TB,NVMe,8,NVIDIA H100-SXM5-80GB,HBM3,80 GB,NVLINK Gen4 900 GB/s + NVSWITCH Gen3,"NGC MXNet 23.09, NGC PyTorch 23.09, NGC HugeCTR 23.09",Red Hat Enterprise Linux 9.1,883816.0
5,2,Intel(R) Xeon(R) Platinum 8480+,56,1.024 TB,NVMe,8,NVIDIA H100-SXM5-80GB,HBM3,80 GB,NVLINK Gen4 900 GB/s + NVSWITCH Gen3,"NGC MXNet 23.09, NGC PyTorch 23.09, NGC HugeCTR 23.09",Red Hat Enterprise Linux 9.1,705808.0
5,2,Intel(R) Xeon(R) Platinum 8480+,56,1.024 TB,NVMe,8,NVIDIA H100-SXM5-80GB,HBM3,80 GB,NVLINK Gen4 900 GB/s + NVSWITCH Gen3,"NGC MXNet 23.09, NGC PyTorch 23.09, NGC HugeCTR 23.09",Red Hat Enterprise Linux 9.1,722469.0
5,2,Intel(R) Xeon(R) Platinum 8480+,56,1.024 TB,NVMe,8,NVIDIA H100-SXM5-80GB,HBM3,80 GB,NVLINK Gen4 900 GB/s + NVSWITCH Gen3,"NGC MXNet 23.09, NGC PyTorch 23.09, NGC HugeCTR 23.09",Red Hat Enterprise Linux 9.1,621074.0
5,2,Intel(R) Xeon(R) Platinum 8480+,56,1.024 TB,NVMe,8,NVIDIA H100-SXM5-80GB,HBM3,80 GB,NVLINK Gen4 900 GB/s + NVSWITCH Gen3,"NGC MXNet 23.09, NGC PyTorch 23.09, NGC HugeCTR 23.09",Red Hat Enterprise Linux 9.1,699523.0
5,2,Intel(R) Xeon(R) Platinum 8480+,56,1.024 TB,NVMe,8,NVIDIA H100-SXM5-80GB,HBM3,80 GB,NVLINK Gen4 900 GB/s + NVSWITCH Gen3,"NGC MXNet 23.09, NGC PyTorch 23.09, NGC HugeCTR 23.09",Red Hat Enterprise Linux 9.1,785699.0
5,2,Intel(R) Xeon(R) Platinum 8480+,56,1.024 TB,NVMe,8,NVIDIA H100-SXM5-80GB,HBM3,80 GB,NVLINK Gen4 900 GB/s + NVSWITCH Gen3,"NGC MXNet 23.09, NGC PyTorch 23.09, NGC HugeCTR 23.09",Red Hat Enterprise Linux 9.1,845830.0
5,2,Intel(R) Xeon(R) Platinum 8480+,56,1.024 TB,NVMe,8,NVIDIA H100-SXM5-80GB,HBM3,80 GB,NVLINK Gen4 900 GB/s + NVSWITCH Gen3,"NGC MXNet 23.09, NGC PyTorch 23.09, NGC HugeCTR 23.09",Red Hat Enterprise Linux 9.1,1008474.0
5,2,Intel(R) Xeon(R) Platinum 8480+,56,1.024 TB,NVMe,8,NVIDIA H100-SXM5-80GB,HBM3,80 GB,NVLINK Gen4 900 GB/s + NVSWITCH Gen3,"NGC MXNet 23.09, NGC PyTorch 23.09, NGC HugeCTR 23.09",Red Hat Enterprise Linux 9.1,636302.0
5,2,Intel(R) Xeon(R) Platinum 8480+,56,1.024 TB,NVMe,8,NVIDIA H100-SXM5-80GB,HBM3,80 GB,NVLINK Gen4 900 GB/s + NVSWITCH Gen3,"NGC MXNet 23.09, NGC PyTorch 23.09, NGC HugeCTR 23.09",Red Hat Enterprise Linux 9.1,745248.0
5,2,Intel(R) Xeon(R) Platinum 8480+,56,1.024 TB,NVMe,8,NVIDIA H100-SXM5-80GB,HBM3,80 GB,NVLINK Gen4 900 GB/s + NVSWITCH Gen3,"NGC MXNet 23.09, NGC PyTorch 23.09, NGC HugeCTR 23.09",Red Hat Enterprise Linux 9.1,798541.0
5,2,Intel(R) Xeon(R) Platinum 8480+,56,1.024 TB,NVMe,8,NVIDIA H100-SXM5-80GB,HBM3,80 GB,NVLINK Gen4 900 GB/s + NVSWITCH Gen3,"NGC MXNet 23.09, NGC PyTorch 23.09, NGC HugeCTR 23.09",Red Hat Enterprise Linux 9.1,737298.0
5,2,Intel(R) Xeon(R) Platinum 8480+,56,1.024 TB,NVMe,8,NVIDIA H100-SXM5-80GB,HBM3,80 GB,NVLINK Gen4 900 GB/s + NVSWITCH Gen3,"NGC MXNet 23.09, NGC PyTorch 23.09, NGC HugeCTR 23.09",Red Hat Enterprise Linux 9.1,558153.0
5,2,Intel(R) Xeon(R) Platinum 8480+,56,1.024 TB,NVMe,8,NVIDIA H100-SXM5-80GB,HBM3,80 GB,NVLINK Gen4 900 GB/s + NVSWITCH Gen3,"NGC MXNet 23.09, NGC PyTorch 23.09, NGC HugeCTR 23.09",Red Hat Enterprise Linux 9.1,698860.0
5,2,Intel(R) Xeon(R) Platinum 8480+,56,1.024 TB,NVMe,8,NVIDIA H100-SXM5-80GB,HBM3,80 GB,NVLINK Gen4 900 GB/s + NVSWITCH Gen3,"NGC MXNet 23.09, NGC PyTorch 23.09, NGC HugeCTR 23.09",Red Hat Enterprise Linux 9.1,559668.0
5,2,Intel(R) Xeon(R) Platinum 8480+,56,1.024 TB,NVMe,8,NVIDIA H100-SXM5-80GB,HBM3,80 GB,NVLINK Gen4 900 GB/s + NVSWITCH Gen3,"NGC MXNet 23.09, NGC PyTorch 23.09, NGC HugeCTR 23.09",Red Hat Enterprise Linux 9.1,604568.0
5,2,Intel(R) Xeon(R) Platinum 8480+,56,1.024 TB,NVMe,8,NVIDIA H100-SXM5-80GB,HBM3,80 GB,NVLINK Gen4 900 GB/s + NVSWITCH Gen3,"NGC MXNet 23.09, NGC PyTorch 23.09, NGC HugeCTR 23.09",Red Hat Enterprise Linux 9.1,878804.0
5,2,Intel(R) Xeon(R) Platinum 8480+,56,1.024 TB,NVMe,8,NVIDIA H100-SXM5-80GB,HBM3,80 GB,NVLINK Gen4 900 GB/s + NVSWITCH Gen3,"NGC MXNet 23.09, NGC PyTorch 23.09, NGC HugeCTR 23.09",Red Hat Enterprise Linux 9.1,629073.0
5,2,Intel(R) Xeon(R) Platinum 8480+,56,1.024 TB,NVMe,8,NVIDIA H100-SXM5-80GB,HBM3,80 GB,NVLINK Gen4 900 GB/s + NVSWITCH Gen3,"NGC MXNet 23.09, NGC PyTorch 23.09, NGC HugeCTR 23.09",Red Hat Enterprise Linux 9.1,1040041.0
5,2,Intel(R) Xeon(R) Platinum 8480+,56,1.024 TB,NVMe,8,NVIDIA H100-SXM5-80GB,HBM3,80 GB,NVLINK Gen4 900 GB/s + NVSWITCH Gen3,"NGC MXNet 23.09, NGC PyTorch 23.09, NGC HugeCTR 23.09",Red Hat Enterprise Linux 9.1,775194.0
5,2,Intel(R) Xeon(R) Platinum 8480+,56,1.024 TB,NVMe,8,NVIDIA H100-SXM5-80GB,HBM3,80 GB,NVLINK Gen4 900 GB/s + NVSWITCH Gen3,"NGC MXNet 23.09, NGC PyTorch 23.09, NGC HugeCTR 23.09",Red Hat Enterprise Linux 9.1,560024.0
5,2,Intel(R) Xeon(R) Platinum 8480+,56,1.024 TB,NVMe,8,NVIDIA H100-SXM5-80GB,HBM3,80 GB,NVLINK Gen4 900 GB/s + NVSWITCH Gen3,"NGC MXNet 23.09, NGC PyTorch 23.09, NGC HugeCTR 23.09",Red Hat Enterprise Linux 9.1,839102.0
5,2,Intel(R) Xeon(R) Platinum 8480+,56,1.024 TB,NVMe,8,NVIDIA H100-SXM5-80GB,HBM3,80 GB,NVLINK Gen4 900 GB/s + NVSWITCH Gen3,"NGC MXNet 23.09, NGC PyTorch 23.09, NGC HugeCTR 23.09",Red Hat Enterprise Linux 9.1,979079.0
5,2,Intel(R) Xeon(R) Platinum 8480+,56,1.024 TB,NVMe,8,NVIDIA H100-SXM5-80GB,HBM3,80 GB,NVLINK Gen4 900 GB/s + NVSWITCH Gen3,"NGC MXNet 23.09, NGC PyTorch 23.09, NGC HugeCTR 23.09",Red Hat Enterprise Linux 9.1,900557.0
5,2,Intel(R) Xeon(R) Platinum 8480+,56,1.024 TB,NVMe,8,NVIDIA H100-SXM5-80GB,HBM3,80 GB,NVLINK Gen4 900 GB/s + NVSWITCH Gen3,"NGC MXNet 23.09, NGC PyTorch 23.09, NGC HugeCTR 23.09",Red Hat Enterprise Linux 9.1,635982.0
5,2,Intel(R) Xeon(R) Platinum 8480+,56,1.024 TB,NVMe,8,NVIDIA H100-SXM5-80GB,HBM3,80 GB,NVLINK Gen4 900 GB/s + NVSWITCH Gen3,"NGC MXNet 23.09, NGC PyTorch 23.09, NGC HugeCTR 23.09",Red Hat Enterprise Linux 9.1,1365689.0
6,2,Intel(R) Xeon(R) Platinum 8468,48,1.024 TB,NVMe,4,NVIDIA H100-SXM5-80GB,HBM3,80 GB,NVLink Gen4 900GB/s,"NGC MXNet 24.04, NGC Pytorch 23.09, NGC Pytorch 24.04, NGC HugeCTR 24.04",Ubuntu 22.04,1343658.0
6,2,Intel(R) Xeon(R) Platinum 8468,48,1.024 TB,NVMe,4,NVIDIA H100-SXM5-80GB,HBM3,80 GB,NVLink Gen4 900GB/s,"NGC MXNet 24.04, NGC Pytorch 23.09, NGC Pytorch 24.04, NGC HugeCTR 24.04",Ubuntu 22.04,1498927.0
6,2,Intel(R) Xeon(R) Platinum 8468,48,1.024 TB,NVMe,4,NVIDIA H100-SXM5-80GB,HBM3,80 GB,NVLink Gen4 900GB/s,"NGC MXNet 24.04, NGC Pytorch 23.09, NGC Pytorch 24.04, NGC HugeCTR 24.04",Ubuntu 22.04,1158304.0
6,2,Intel(R) Xeon(R) Platinum 8468,48,1.024 TB,NVMe,4,NVIDIA H100-SXM5-80GB,HBM3,80 GB,NVLink Gen4 900GB/s,"NGC MXNet 24.04, NGC Pytorch 23.09, NGC Pytorch 24.04, NGC HugeCTR 24.04",Ubuntu 22.04,1726329.0
6,2,Intel(R) Xeon(R) Platinum 8468,48,1.024 TB,NVMe,4,NVIDIA H100-SXM5-80GB,HBM3,80 GB,NVLink Gen4 900GB/s,"NGC MXNet 24.04, NGC Pytorch 23.09, NGC Pytorch 24.04, NGC HugeCTR 24.04",Ubuntu 22.04,1465624.0
6,2,Intel(R) Xeon(R) Platinum 8468,48,1.024 TB,NVMe,4,NVIDIA H100-SXM5-80GB,HBM3,80 GB,NVLink Gen4 900GB/s,"NGC MXNet 24.04, NGC Pytorch 23.09, NGC Pytorch 24.04, NGC HugeCTR 24.04",Ubuntu 22.04,1046779.0
6,2,Intel(R) Xeon(R) Platinum 8468,48,1.024 TB,NVMe,4,NVIDIA H100-SXM5-80GB,HBM3,80 GB,NVLink Gen4 900GB/s,"NGC MXNet 24.04, NGC Pytorch 23.09, NGC Pytorch 24.04, NGC HugeCTR 24.04",Ubuntu 22.04,2154892.0
6,2,Intel(R) Xeon(R) Platinum 8468,48,1.024 TB,NVMe,4,NVIDIA H100-SXM5-80GB,HBM3,80 GB,NVLink Gen4 900GB/s,"NGC MXNet 24.04, NGC Pytorch 23.09, NGC Pytorch 24.04, NGC HugeCTR 24.04",Ubuntu 22.04,1466775.0
6,2,Intel(R) Xeon(R) Platinum 8468,48,1.024 TB,NVMe,4,NVIDIA H100-SXM5-80GB,HBM3,80 GB,NVLink Gen4 900GB/s,"NGC MXNet 24.04, NGC Pytorch 23.09, NGC Pytorch 24.04, NGC HugeCTR 24.04",Ubuntu 22.04,1160365.0
6,2,Intel(R) Xeon(R) Platinum 8468,48,1.024 TB,NVMe,4,NVIDIA H100-SXM5-80GB,HBM3,80 GB,NVLink Gen4 900GB/s,"NGC MXNet 24.04, NGC Pytorch 23.09, NGC Pytorch 24.04, NGC HugeCTR 24.04",Ubuntu 22.04,1325647.0
6,2,Intel(R) Xeon(R) Platinum 8468,48,1.024 TB,NVMe,4,NVIDIA H100-SXM5-80GB,HBM3,80 GB,NVLink Gen4 900GB/s,"NGC MXNet 24.04, NGC Pytorch 23.09, NGC Pytorch 24.04, NGC HugeCTR 24.04",Ubuntu 22.04,1897348.0
6,2,Intel(R) Xeon(R) Platinum 8468,48,1.024 TB,NVMe,4,NVIDIA H100-SXM5-80GB,HBM3,80 GB,NVLink Gen4 900GB/s,"NGC MXNet 24.04, NGC Pytorch 23.09, NGC Pytorch 24.04, NGC HugeCTR 24.04",Ubuntu 22.04,1817945.0
6,2,Intel(R) Xeon(R) Platinum 8468,48,1.024 TB,NVMe,4,NVIDIA H100-SXM5-80GB,HBM3,80 GB,NVLink Gen4 900GB/s,"NGC MXNet 24.04, NGC Pytorch 23.09, NGC Pytorch 24.04, NGC HugeCTR 24.04",Ubuntu 22.04,801617.0
6,2,Intel(R) Xeon(R) Platinum 8468,48,1.024 TB,NVMe,4,NVIDIA H100-SXM5-80GB,HBM3,80 GB,NVLink Gen4 900GB/s,"NGC MXNet 24.04, NGC Pytorch 23.09, NGC Pytorch 24.04, NGC HugeCTR 24.04",Ubuntu 22.04,1282580.0
6,2,Intel(R) Xeon(R) Platinum 8468,48,1.024 TB,NVMe,4,NVIDIA H100-SXM5-80GB,HBM3,80 GB,NVLink Gen4 900GB/s,"NGC MXNet 24.04, NGC Pytorch 23.09, NGC Pytorch 24.04, NGC HugeCTR 24.04",Ubuntu 22.04,1404562.0
6,2,Intel(R) Xeon(R) Platinum 8468,48,1.024 TB,NVMe,4,NVIDIA H100-SXM5-80GB,HBM3,80 GB,NVLink Gen4 900GB/s,"NGC MXNet 24.04, NGC Pytorch 23.09, NGC Pytorch 24.04, NGC HugeCTR 24.04",Ubuntu 22.04,1326462.0
6,2,Intel(R) Xeon(R) Platinum 8468,48,1.024 TB,NVMe,4,NVIDIA H100-SXM5-80GB,HBM3,80 GB,NVLink Gen4 900GB/s,"NGC MXNet 24.04, NGC Pytorch 23.09, NGC Pytorch 24.04, NGC HugeCTR 24.04",Ubuntu 22.04,1775333.0
6,2,Intel(R) Xeon(R) Platinum 8468,48,1.024 TB,NVMe,4,NVIDIA H100-SXM5-80GB,HBM3,80 GB,NVLink Gen4 900GB/s,"NGC MXNet 24.04, NGC Pytorch 23.09, NGC Pytorch 24.04, NGC HugeCTR 24.04",Ubuntu 22.04,1218863.0
6,2,Intel(R) Xeon(R) Platinum 8468,48,1.024 TB,NVMe,4,NVIDIA H100-SXM5-80GB,HBM3,80 GB,NVLink Gen4 900GB/s,"NGC MXNet 24.04, NGC Pytorch 23.09, NGC Pytorch 24.04, NGC HugeCTR 24.04",Ubuntu 22.04,1066300.0
6,2,Intel(R) Xeon(R) Platinum 8468,48,1.024 TB,NVMe,4,NVIDIA H100-SXM5-80GB,HBM3,80 GB,NVLink Gen4 900GB/s,"NGC MXNet 24.04, NGC Pytorch 23.09, NGC Pytorch 24.04, NGC HugeCTR 24.04",Ubuntu 22.04,1294206.0
6,2,Intel(R) Xeon(R) Platinum 8468,48,1.024 TB,NVMe,4,NVIDIA H100-SXM5-80GB,HBM3,80 GB,NVLink Gen4 900GB/s,"NGC MXNet 24.04, NGC Pytorch 23.09, NGC Pytorch 24.04, NGC HugeCTR 24.04",Ubuntu 22.04,1573230.0
6,2,Intel(R) Xeon(R) Platinum 8468,48,1.024 TB,NVMe,4,NVIDIA H100-SXM5-80GB,HBM3,80 GB,NVLink Gen4 900GB/s,"NGC MXNet 24.04, NGC Pytorch 23.09, NGC Pytorch 24.04, NGC HugeCTR 24.04",Ubuntu 22.04,1483299.0
6,2,Intel(R) Xeon(R) Platinum 8468,48,1.024 TB,NVMe,4,NVIDIA H100-SXM5-80GB,HBM3,80 GB,NVLink Gen4 900GB/s,"NGC MXNet 24.04, NGC Pytorch 23.09, NGC Pytorch 24.04, NGC HugeCTR 24.04",Ubuntu 22.04,927155.0
6,2,Intel(R) Xeon(R) Platinum 8468,48,1.024 TB,NVMe,4,NVIDIA H100-SXM5-80GB,HBM3,80 GB,NVLink Gen4 900GB/s,"NGC MXNet 24.04, NGC Pytorch 23.09, NGC Pytorch 24.04, NGC HugeCTR 24.04",Ubuntu 22.04,1279424.0
6,2,Intel(R) Xeon(R) Platinum 8468,48,1.024 TB,NVMe,4,NVIDIA H100-SXM5-80GB,HBM3,80 GB,NVLink Gen4 900GB/s,"NGC MXNet 24.04, NGC Pytorch 23.09, NGC Pytorch 24.04, NGC HugeCTR 24.04",Ubuntu 22.04,1359890.0
6,2,Intel(R) Xeon(R) Platinum 8468,48,1.024 TB,NVMe,4,NVIDIA H100-SXM5-80GB,HBM3,80 GB,NVLink Gen4 900GB/s,"NGC MXNet 24.04, NGC Pytorch 23.09, NGC Pytorch 24.04, NGC HugeCTR 24.04",Ubuntu 22.04,1034373.0
6,2,Intel(R) Xeon(R) Platinum 8468,48,1.024 TB,NVMe,4,NVIDIA H100-SXM5-80GB,HBM3,80 GB,NVLink Gen4 900GB/s,"NGC MXNet 24.04, NGC Pytorch 23.09, NGC Pytorch 24.04, NGC HugeCTR 24.04",Ubuntu 22.04,1080585.0
6,2,Intel(R) Xeon(R) Platinum 8468,48,1.024 TB,NVMe,4,NVIDIA H100-SXM5-80GB,HBM3,80 GB,NVLink Gen4 900GB/s,"NGC MXNet 24.04, NGC Pytorch 23.09, NGC Pytorch 24.04, NGC HugeCTR 24.04",Ubuntu 22.04,1621838.0
6,2,Intel(R) Xeon(R) Platinum 8468,48,1.024 TB,NVMe,4,NVIDIA H100-SXM5-80GB,HBM3,80 GB,NVLink Gen4 900GB/s,"NGC MXNet 24.04, NGC Pytorch 23.09, NGC Pytorch 24.04, NGC HugeCTR 24.04",Ubuntu 22.04,1020110.0
6,2,Intel(R) Xeon(R) Platinum 8468,48,1.024 TB,NVMe,4,NVIDIA H100-SXM5-80GB,HBM3,80 GB,NVLink Gen4 900GB/s,"NGC MXNet 24.04, NGC Pytorch 23.09, NGC Pytorch 24.04, NGC HugeCTR 24.04",Ubuntu 22.04,1373244.0
6,2,Intel(R) Xeon(R) Platinum 8468,48,1.024 TB,NVMe,4,NVIDIA H100-SXM5-80GB,HBM3,80 GB,NVLink Gen4 900GB/s,"NGC MXNet 24.04, NGC Pytorch 23.09, NGC Pytorch 24.04, NGC HugeCTR 24.04",Ubuntu 22.04,944478.0
6,2,Intel(R) Xeon(R) Platinum 8468,48,1.024 TB,NVMe,4,NVIDIA H100-SXM5-80GB,HBM3,80 GB,NVLink Gen4 900GB/s,"NGC MXNet 24.04, NGC Pytorch 23.09, NGC Pytorch 24.04, NGC HugeCTR 24.04",Ubuntu 22.04,1573708.0
6,2,Intel(R) Xeon(R) Platinum 8468,48,1.024 TB,NVMe,4,NVIDIA H100-SXM5-80GB,HBM3,80 GB,NVLink Gen4 900GB/s,"NGC MXNet 24.04, NGC Pytorch 23.09, NGC Pytorch 24.04, NGC HugeCTR 24.04",Ubuntu 22.04,1497247.0
6,2,Intel(R) Xeon(R) Platinum 8468,48,1.024 TB,NVMe,4,NVIDIA H100-SXM5-80GB,HBM3,80 GB,NVLink Gen4 900GB/s,"NGC MXNet 24.04, NGC Pytorch 23.09, NGC Pytorch 24.04, NGC HugeCTR 24.04",Ubuntu 22.04,1728089.0
6,2,Intel(R) Xeon(R) Platinum 8468,48,1.024 TB,NVMe,4,NVIDIA H100-SXM5-80GB,HBM3,80 GB,NVLink Gen4 900GB/s,"NGC MXNet 24.04, NGC Pytorch 23.09, NGC Pytorch 24.04, NGC HugeCTR 24.04",Ubuntu 22.04,1326418.0
6,2,Intel(R) Xeon(R) Platinum 8468,48,1.024 TB,NVMe,4,NVIDIA H100-SXM5-80GB,HBM3,80 GB,NVLink Gen4 900GB/s,"NGC MXNet 24.04, NGC Pytorch 23.09, NGC Pytorch 24.04, NGC HugeCTR 24.04",Ubuntu 22.04,1219606.0
6,2,Intel(R) Xeon(R) Platinum 8468,48,1.024 TB,NVMe,4,NVIDIA H100-SXM5-80GB,HBM3,80 GB,NVLink Gen4 900GB/s,"NGC MXNet 24.04, NGC Pytorch 23.09, NGC Pytorch 24.04, NGC HugeCTR 24.04",Ubuntu 22.04,773416.0
6,2,Intel(R) Xeon(R) Platinum 8468,48,1.024 TB,NVMe,4,NVIDIA H100-SXM5-80GB,HBM3,80 GB,NVLink Gen4 900GB/s,"NGC MXNet 24.04, NGC Pytorch 23.09, NGC Pytorch 24.04, NGC HugeCTR 24.04",Ubuntu 22.04,1576023.0
6,2,Intel(R) Xeon(R) Platinum 8468,48,1.024 TB,NVMe,4,NVIDIA H100-SXM5-80GB,HBM3,80 GB,NVLink Gen4 900GB/s,"NGC MXNet 24.04, NGC Pytorch 23.09, NGC Pytorch 24.04, NGC HugeCTR 24.04",Ubuntu 22.04,1481602.0
6,2,Intel(R) Xeon(R) Platinum 8468,48,1.024 TB,NVMe,4,NVIDIA H100-SXM5-80GB,HBM3,80 GB,NVLink Gen4 900GB/s,"NGC MXNet 24.04, NGC Pytorch 23.09, NGC Pytorch 24.04, NGC HugeCTR 24.04",Ubuntu 22.04,1742138.0
7,2,Intel(R) Xeon(R) Platinum 8452Y,36,256GB,NVMe SSD,14,NVIDIA L40S,GDDR6,45 GB,PCIe gen4 x16,NGC MXNet 24.04,Ubuntu 22.04,1801384.0
7,2,Intel(R) Xeon(R) Platinum 8452Y,36,256GB,NVMe SSD,14,NVIDIA L40S,GDDR6,45 GB,PCIe gen4 x16,NGC MXNet 24.04,Ubuntu 22.04,2442987.0
7,2,Intel(R) Xeon(R) Platinum 8452Y,36,256GB,NVMe SSD,14,NVIDIA L40S,GDDR6,45 GB,PCIe gen4 x16,NGC MXNet 24.04,Ubuntu 22.04,1560395.0
7,2,Intel(R) Xeon(R) Platinum 8452Y,36,256GB,NVMe SSD,14,NVIDIA L40S,GDDR6,45 GB,PCIe gen4 x16,NGC MXNet 24.04,Ubuntu 22.04,942723.0
7,2,Intel(R) Xeon(R) Platinum 8452Y,36,256GB,NVMe SSD,14,NVIDIA L40S,GDDR6,45 GB,PCIe gen4 x16,NGC MXNet 24.04,Ubuntu 22.04,953598.0
7,2,Intel(R) Xeon(R) Platinum 8452Y,36,256GB,NVMe SSD,14,NVIDIA L40S,GDDR6,45 GB,PCIe gen4 x16,NGC MXNet 24.04,Ubuntu 22.04,889933.0
7,2,Intel(R) Xeon(R) Platinum 8452Y,36,256GB,NVMe SSD,14,NVIDIA L40S,GDDR6,45 GB,PCIe gen4 x16,NGC MXNet 24.04,Ubuntu 22.04,638238.0
7,2,Intel(R) Xeon(R) Platinum 8452Y,36,256GB,NVMe SSD,14,NVIDIA L40S,GDDR6,45 GB,PCIe gen4 x16,NGC MXNet 24.04,Ubuntu 22.04,711909.0
7,2,Intel(R) Xeon(R) Platinum 8452Y,36,256GB,NVMe SSD,14,NVIDIA L40S,GDDR6,45 GB,PCIe gen4 x16,NGC MXNet 24.04,Ubuntu 22.04,952917.0
7,2,Intel(R) Xeon(R) Platinum 8452Y,36,256GB,NVMe SSD,14,NVIDIA L40S,GDDR6,45 GB,PCIe gen4 x16,NGC MXNet 24.04,Ubuntu 22.04,764737.0
7,2,Intel(R) Xeon(R) Platinum 8452Y,36,256GB,NVMe SSD,14,NVIDIA L40S,GDDR6,45 GB,PCIe gen4 x16,NGC MXNet 24.04,Ubuntu 22.04,575361.0
7,2,Intel(R) Xeon(R) Platinum 8452Y,36,256GB,NVMe SSD,14,NVIDIA L40S,GDDR6,45 GB,PCIe gen4 x16,NGC MXNet 24.04,Ubuntu 22.04,733172.0
7,2,Intel(R) Xeon(R) Platinum 8452Y,36,256GB,NVMe SSD,14,NVIDIA L40S,GDDR6,45 GB,PCIe gen4 x16,NGC MXNet 24.04,Ubuntu 22.04,848562.0
7,2,Intel(R) Xeon(R) Platinum 8452Y,36,256GB,NVMe SSD,14,NVIDIA L40S,GDDR6,45 GB,PCIe gen4 x16,NGC MXNet 24.04,Ubuntu 22.04,806218.0
7,2,Intel(R) Xeon(R) Platinum 8452Y,36,256GB,NVMe SSD,14,NVIDIA L40S,GDDR6,45 GB,PCIe gen4 x16,NGC MXNet 24.04,Ubuntu 22.04,795717.0
7,2,Intel(R) Xeon(R) Platinum 8452Y,36,256GB,NVMe SSD,14,NVIDIA L40S,GDDR6,45 GB,PCIe gen4 x16,NGC MXNet 24.04,Ubuntu 22.04,1120853.0
7,2,Intel(R) Xeon(R) Platinum 8452Y,36,256GB,NVMe SSD,14,NVIDIA L40S,GDDR6,45 GB,PCIe gen4 x16,NGC MXNet 24.04,Ubuntu 22.04,638518.0
7,2,Intel(R) Xeon(R) Platinum 8452Y,36,256GB,NVMe SSD,14,NVIDIA L40S,GDDR6,45 GB,PCIe gen4 x16,NGC MXNet 24.04,Ubuntu 22.04,1748141.0
7,2,Intel(R) Xeon(R) Platinum 8452Y,36,256GB,NVMe SSD,14,NVIDIA L40S,GDDR6,45 GB,PCIe gen4 x16,NGC MXNet 24.04,Ubuntu 22.04,963098.0
7,2,Intel(R) Xeon(R) Platinum 8452Y,36,256GB,NVMe SSD,14,NVIDIA L40S,GDDR6,45 GB,PCIe gen4 x16,NGC MXNet 24.04,Ubuntu 22.04,1203894.0
7,2,Intel(R) Xeon(R) Platinum 8452Y,36,256GB,NVMe SSD,14,NVIDIA L40S,GDDR6,45 GB,PCIe gen4 x16,NGC MXNet 24.04,Ubuntu 22.04,930365.0
7,2,Intel(R) Xeon(R) Platinum 8452Y,36,256GB,NVMe SSD,14,NVIDIA L40S,GDDR6,45 GB,PCIe gen4 x16,NGC MXNet 24.04,Ubuntu 22.04,732868.0
7,2,Intel(R) Xeon(R) Platinum 8452Y,36,256GB,NVMe SSD,14,NVIDIA L40S,GDDR6,45 GB,PCIe gen4 x16,NGC MXNet 24.04,Ubuntu 22.04,1468434.0
7,2,Intel(R) Xeon(R) Platinum 8452Y,36,256GB,NVMe SSD,14,NVIDIA L40S,GDDR6,45 GB,PCIe gen4 x16,NGC MXNet 24.04,Ubuntu 22.04,941585.0
7,2,Intel(R) Xeon(R) Platinum 8452Y,36,256GB,NVMe SSD,14,NVIDIA L40S,GDDR6,45 GB,PCIe gen4 x16,NGC MXNet 24.04,Ubuntu 22.04,1079683.0
7,2,Intel(R) Xeon(R) Platinum 8452Y,36,256GB,NVMe SSD,14,NVIDIA L40S,GDDR6,45 GB,PCIe gen4 x16,NGC MXNet 24.04,Ubuntu 22.04,974372.0
7,2,Intel(R) Xeon(R) Platinum 8452Y,36,256GB,NVMe SSD,14,NVIDIA L40S,GDDR6,45 GB,PCIe gen4 x16,NGC MXNet 24.04,Ubuntu 22.04,1625856.0
7,2,Intel(R) Xeon(R) Platinum 8452Y,36,256GB,NVMe SSD,14,NVIDIA L40S,GDDR6,45 GB,PCIe gen4 x16,NGC MXNet 24.04,Ubuntu 22.04,1416095.0
7,2,Intel(R) Xeon(R) Platinum 8452Y,36,256GB,NVMe SSD,14,NVIDIA L40S,GDDR6,45 GB,PCIe gen4 x16,NGC MXNet 24.04,Ubuntu 22.04,1288879.0
7,2,Intel(R) Xeon(R) Platinum 8452Y,36,256GB,NVMe SSD,14,NVIDIA L40S,GDDR6,45 GB,PCIe gen4 x16,NGC MXNet 24.04,Ubuntu 22.04,1049389.0
7,2,Intel(R) Xeon(R) Platinum 8452Y,36,256GB,NVMe SSD,14,NVIDIA L40S,GDDR6,45 GB,PCIe gen4 x16,NGC MXNet 24.04,Ubuntu 22.04,889869.0
7,2,Intel(R) Xeon(R) Platinum 8452Y,36,256GB,NVMe SSD,14,NVIDIA L40S,GDDR6,45 GB,PCIe gen4 x16,NGC MXNet 24.04,Ubuntu 22.04,836177.0
7,2,Intel(R) Xeon(R) Platinum 8452Y,36,256GB,NVMe SSD,14,NVIDIA L40S,GDDR6,45 GB,PCIe gen4 x16,NGC MXNet 24.04,Ubuntu 22.04,1006023.0
7,2,Intel(R) Xeon(R) Platinum 8452Y,36,256GB,NVMe SSD,14,NVIDIA L40S,GDDR6,45 GB,PCIe gen4 x16,NGC MXNet 24.04,Ubuntu 22.04,722489.0
7,2,Intel(R) Xeon(R) Platinum 8452Y,36,256GB,NVMe SSD,14,NVIDIA L40S,GDDR6,45 GB,PCIe gen4 x16,NGC MXNet 24.04,Ubuntu 22.04,1025400.0
7,2,Intel(R) Xeon(R) Platinum 8452Y,36,256GB,NVMe SSD,14,NVIDIA L40S,GDDR6,45 GB,PCIe gen4 x16,NGC MXNet 24.04,Ubuntu 22.04,815914.0
7,2,Intel(R) Xeon(R) Platinum 8452Y,36,256GB,NVMe SSD,14,NVIDIA L40S,GDDR6,45 GB,PCIe gen4 x16,NGC MXNet 24.04,Ubuntu 22.04,680103.0
7,2,Intel(R) Xeon(R) Platinum 8452Y,36,256GB,NVMe SSD,14,NVIDIA L40S,GDDR6,45 GB,PCIe gen4 x16,NGC MXNet 24.04,Ubuntu 22.04,1089888.0
7,2,Intel(R) Xeon(R) Platinum 8452Y,36,256GB,NVMe SSD,14,NVIDIA L40S,GDDR6,45 GB,PCIe gen4 x16,NGC MXNet 24.04,Ubuntu 22.04,617189.0
7,2,Intel(R) Xeon(R) Platinum 8452Y,36,256GB,NVMe SSD,14,NVIDIA L40S,GDDR6,45 GB,PCIe gen4 x16,NGC MXNet 24.04,Ubuntu 22.04,1635802.0
72,2,Intel(R) Xeon(R) Platinum 8480+,56,2.0 TB,NVMe SSD,8,NVIDIA H100-SXM5-80GB,HBM3,80 GB,NVLINK Gen4 900 GB/s + NVSWITCH Gen3,MXNet NVIDIA Release 24.04 or PyTorch NVIDIA Release 24.04,Ubuntu 22.04.4 LTS,598913.0
72,2,Intel(R) Xeon(R) Platinum 8480+,56,2.0 TB,NVMe SSD,8,NVIDIA H100-SXM5-80GB,HBM3,80 GB,NVLINK Gen4 900 GB/s + NVSWITCH Gen3,MXNet NVIDIA Release 24.04 or PyTorch NVIDIA Release 24.04,Ubuntu 22.04.4 LTS,445192.0
72,2,Intel(R) Xeon(R) Platinum 8480+,56,2.0 TB,NVMe SSD,8,NVIDIA H100-SXM5-80GB,HBM3,80 GB,NVLINK Gen4 900 GB/s + NVSWITCH Gen3,MXNet NVIDIA Release 24.04 or PyTorch NVIDIA Release 24.04,Ubuntu 22.04.4 LTS,622372.0
72,2,Intel(R) Xeon(R) Platinum 8480+,56,2.0 TB,NVMe SSD,8,NVIDIA H100-SXM5-80GB,HBM3,80 GB,NVLINK Gen4 900 GB/s + NVSWITCH Gen3,MXNet NVIDIA Release 24.04 or PyTorch NVIDIA Release 24.04,Ubuntu 22.04.4 LTS,1046495.0
72,2,Intel(R) Xeon(R) Platinum 8480+,56,2.0 TB,NVMe SSD,8,NVIDIA H100-SXM5-80GB,HBM3,80 GB,NVLINK Gen4 900 GB/s + NVSWITCH Gen3,MXNet NVIDIA Release 24.04 or PyTorch NVIDIA Release 24.04,Ubuntu 22.04.4 LTS,1015869.0
72,2,Intel(R) Xeon(R) Platinum 8480+,56,2.0 TB,NVMe SSD,8,NVIDIA H100-SXM5-80GB,HBM3,80 GB,NVLINK Gen4 900 GB/s + NVSWITCH Gen3,MXNet NVIDIA Release 24.04 or PyTorch NVIDIA Release 24.04,Ubuntu 22.04.4 LTS,845548.0
72,2,Intel(R) Xeon(R) Platinum 8480+,56,2.0 TB,NVMe SSD,8,NVIDIA H100-SXM5-80GB,HBM3,80 GB,NVLINK Gen4 900 GB/s + NVSWITCH Gen3,MXNet NVIDIA Release 24.04 or PyTorch NVIDIA Release 24.04,Ubuntu 22.04.4 LTS,700559.0
72,2,Intel(R) Xeon(R) Platinum 8480+,56,2.0 TB,NVMe SSD,8,NVIDIA H100-SXM5-80GB,HBM3,80 GB,NVLINK Gen4 900 GB/s + NVSWITCH Gen3,MXNet NVIDIA Release 24.04 or PyTorch NVIDIA Release 24.04,Ubuntu 22.04.4 LTS,514934.0
72,2,Intel(R) Xeon(R) Platinum 8480+,56,2.0 TB,NVMe SSD,8,NVIDIA H100-SXM5-80GB,HBM3,80 GB,NVLINK Gen4 900 GB/s + NVSWITCH Gen3,MXNet NVIDIA Release 24.04 or PyTorch NVIDIA Release 24.04,Ubuntu 22.04.4 LTS,777481.0
72,2,Intel(R) Xeon(R) Platinum 8480+,56,2.0 TB,NVMe SSD,8,NVIDIA H100-SXM5-80GB,HBM3,80 GB,NVLINK Gen4 900 GB/s + NVSWITCH Gen3,MXNet NVIDIA Release 24.04 or PyTorch NVIDIA Release 24.04,Ubuntu 22.04.4 LTS,622293.0
72,2,Intel(R) Xeon(R) Platinum 8480+,56,2.0 TB,NVMe SSD,8,NVIDIA H100-SXM5-80GB,HBM3,80 GB,NVLINK Gen4 900 GB/s + NVSWITCH Gen3,MXNet NVIDIA Release 24.04 or PyTorch NVIDIA Release 24.04,Ubuntu 22.04.4 LTS,676512.0
72,2,Intel(R) Xeon(R) Platinum 8480+,56,2.0 TB,NVMe SSD,8,NVIDIA H100-SXM5-80GB,HBM3,80 GB,NVLINK Gen4 900 GB/s + NVSWITCH Gen3,MXNet NVIDIA Release 24.04 or PyTorch NVIDIA Release 24.04,Ubuntu 22.04.4 LTS,422018.0
72,2,Intel(R) Xeon(R) Platinum 8480+,56,2.0 TB,NVMe SSD,8,NVIDIA H100-SXM5-80GB,HBM3,80 GB,NVLINK Gen4 900 GB/s + NVSWITCH Gen3,MXNet NVIDIA Release 24.04 or PyTorch NVIDIA Release 24.04,Ubuntu 22.04.4 LTS,884690.0
72,2,Intel(R) Xeon(R) Platinum 8480+,56,2.0 TB,NVMe SSD,8,NVIDIA H100-SXM5-80GB,HBM3,80 GB,NVLINK Gen4 900 GB/s + NVSWITCH Gen3,MXNet NVIDIA Release 24.04 or PyTorch NVIDIA Release 24.04,Ubuntu 22.04.4 LTS,522443.0
72,2,Intel(R) Xeon(R) Platinum 8480+,56,2.0 TB,NVMe SSD,8,NVIDIA H100-SXM5-80GB,HBM3,80 GB,NVLINK Gen4 900 GB/s + NVSWITCH Gen3,MXNet NVIDIA Release 24.04 or PyTorch NVIDIA Release 24.04,Ubuntu 22.04.4 LTS,838832.0
72,2,Intel(R) Xeon(R) Platinum 8480+,56,2.0 TB,NVMe SSD,8,NVIDIA H100-SXM5-80GB,HBM3,80 GB,NVLINK Gen4 900 GB/s + NVSWITCH Gen3,MXNet NVIDIA Release 24.04 or PyTorch NVIDIA Release 24.04,Ubuntu 22.04.4 LTS,1247149.0
72,2,Intel(R) Xeon(R) Platinum 8480+,56,2.0 TB,NVMe SSD,8,NVIDIA H100-SXM5-80GB,HBM3,80 GB,NVLINK Gen4 900 GB/s + NVSWITCH Gen3,MXNet NVIDIA Release 24.04 or PyTorch NVIDIA Release 24.04,Ubuntu 22.04.4 LTS,645480.0
72,2,Intel(R) Xeon(R) Platinum 8480+,56,2.0 TB,NVMe SSD,8,NVIDIA H100-SXM5-80GB,HBM3,80 GB,NVLINK Gen4 900 GB/s + NVSWITCH Gen3,MXNet NVIDIA Release 24.04 or PyTorch NVIDIA Release 24.04,Ubuntu 22.04.4 LTS,653226.0
72,2,Intel(R) Xeon(R) Platinum 8480+,56,2.0 TB,NVMe SSD,8,NVIDIA H100-SXM5-80GB,HBM3,80 GB,NVLINK Gen4 900 GB/s + NVSWITCH Gen3,MXNet NVIDIA Release 24.04 or PyTorch NVIDIA Release 24.04,Ubuntu 22.04.4 LTS,808595.0
72,2,Intel(R) Xeon(R) Platinum 8480+,56,2.0 TB,NVMe SSD,8,NVIDIA H100-SXM5-80GB,HBM3,80 GB,NVLINK Gen4 900 GB/s + NVSWITCH Gen3,MXNet NVIDIA Release 24.04 or PyTorch NVIDIA Release 24.04,Ubuntu 22.04.4 LTS,537442.0
72,2,Intel(R) Xeon(R) Platinum 8480+,56,2.0 TB,NVMe SSD,8,NVIDIA H100-SXM5-80GB,HBM3,80 GB,NVLINK Gen4 900 GB/s + NVSWITCH Gen3,MXNet NVIDIA Release 24.04 or PyTorch NVIDIA Release 24.04,Ubuntu 22.04.4 LTS,606920.0
72,2,Intel(R) Xeon(R) Platinum 8480+,56,2.0 TB,NVMe SSD,8,NVIDIA H100-SXM5-80GB,HBM3,80 GB,NVLINK Gen4 900 GB/s + NVSWITCH Gen3,MXNet NVIDIA Release 24.04 or PyTorch NVIDIA Release 24.04,Ubuntu 22.04.4 LTS,938659.0
72,2,Intel(R) Xeon(R) Platinum 8480+,56,2.0 TB,NVMe SSD,8,NVIDIA H100-SXM5-80GB,HBM3,80 GB,NVLINK Gen4 900 GB/s + NVSWITCH Gen3,MXNet NVIDIA Release 24.04 or PyTorch NVIDIA Release 24.04,Ubuntu 22.04.4 LTS,514210.0
72,2,Intel(R) Xeon(R) Platinum 8480+,56,2.0 TB,NVMe SSD,8,NVIDIA H100-SXM5-80GB,HBM3,80 GB,NVLINK Gen4 900 GB/s + NVSWITCH Gen3,MXNet NVIDIA Release 24.04 or PyTorch NVIDIA Release 24.04,Ubuntu 22.04.4 LTS,660787.0
72,2,Intel(R) Xeon(R) Platinum 8480+,56,2.0 TB,NVMe SSD,8,NVIDIA H100-SXM5-80GB,HBM3,80 GB,NVLINK Gen4 900 GB/s + NVSWITCH Gen3,MXNet NVIDIA Release 24.04 or PyTorch NVIDIA Release 24.04,Ubuntu 22.04.4 LTS,823309.0
72,2,Intel(R) Xeon(R) Platinum 8480+,56,2.0 TB,NVMe SSD,8,NVIDIA H100-SXM5-80GB,HBM3,80 GB,NVLINK Gen4 900 GB/s + NVSWITCH Gen3,MXNet NVIDIA Release 24.04 or PyTorch NVIDIA Release 24.04,Ubuntu 22.04.4 LTS,1093745.0
72,2,Intel(R) Xeon(R) Platinum 8480+,56,2.0 TB,NVMe SSD,8,NVIDIA H100-SXM5-80GB,HBM3,80 GB,NVLINK Gen4 900 GB/s + NVSWITCH Gen3,MXNet NVIDIA Release 24.04 or PyTorch NVIDIA Release 24.04,Ubuntu 22.04.4 LTS,723903.0
72,2,Intel(R) Xeon(R) Platinum 8480+,56,2.0 TB,NVMe SSD,8,NVIDIA H100-SXM5-80GB,HBM3,80 GB,NVLINK Gen4 900 GB/s + NVSWITCH Gen3,MXNet NVIDIA Release 24.04 or PyTorch NVIDIA Release 24.04,Ubuntu 22.04.4 LTS,553473.0
72,2,Intel(R) Xeon(R) Platinum 8480+,56,2.0 TB,NVMe SSD,8,NVIDIA H100-SXM5-80GB,HBM3,80 GB,NVLINK Gen4 900 GB/s + NVSWITCH Gen3,MXNet NVIDIA Release 24.04 or PyTorch NVIDIA Release 24.04,Ubuntu 22.04.4 LTS,792341.0
72,2,Intel(R) Xeon(R) Platinum 8480+,56,2.0 TB,NVMe SSD,8,NVIDIA H100-SXM5-80GB,HBM3,80 GB,NVLINK Gen4 900 GB/s + NVSWITCH Gen3,MXNet NVIDIA Release 24.04 or PyTorch NVIDIA Release 24.04,Ubuntu 22.04.4 LTS,799152.0
72,2,Intel(R) Xeon(R) Platinum 8480+,56,2.0 TB,NVMe SSD,8,NVIDIA H100-SXM5-80GB,HBM3,80 GB,NVLINK Gen4 900 GB/s + NVSWITCH Gen3,MXNet NVIDIA Release 24.04 or PyTorch NVIDIA Release 24.04,Ubuntu 22.04.4 LTS,483998.0
72,2,Intel(R) Xeon(R) Platinum 8480+,56,2.0 TB,NVMe SSD,8,NVIDIA H100-SXM5-80GB,HBM3,80 GB,NVLINK Gen4 900 GB/s + NVSWITCH Gen3,MXNet NVIDIA Release 24.04 or PyTorch NVIDIA Release 24.04,Ubuntu 22.04.4 LTS,491680.0
72,2,Intel(R) Xeon(R) Platinum 8480+,56,2.0 TB,NVMe SSD,8,NVIDIA H100-SXM5-80GB,HBM3,80 GB,NVLINK Gen4 900 GB/s + NVSWITCH Gen3,MXNet NVIDIA Release 24.04 or PyTorch NVIDIA Release 24.04,Ubuntu 22.04.4 LTS,846458.0
72,2,Intel(R) Xeon(R) Platinum 8480+,56,2.0 TB,NVMe SSD,8,NVIDIA H100-SXM5-80GB,HBM3,80 GB,NVLINK Gen4 900 GB/s + NVSWITCH Gen3,MXNet NVIDIA Release 24.04 or PyTorch NVIDIA Release 24.04,Ubuntu 22.04.4 LTS,1117080.0
72,2,Intel(R) Xeon(R) Platinum 8480+,56,2.0 TB,NVMe SSD,8,NVIDIA H100-SXM5-80GB,HBM3,80 GB,NVLINK Gen4 900 GB/s + NVSWITCH Gen3,MXNet NVIDIA Release 24.04 or PyTorch NVIDIA Release 24.04,Ubuntu 22.04.4 LTS,730675.0
72,2,Intel(R) Xeon(R) Platinum 8480+,56,2.0 TB,NVMe SSD,8,NVIDIA H100-SXM5-80GB,HBM3,80 GB,NVLINK Gen4 900 GB/s + NVSWITCH Gen3,MXNet NVIDIA Release 24.04 or PyTorch NVIDIA Release 24.04,Ubuntu 22.04.4 LTS,607077.0
72,2,Intel(R) Xeon(R) Platinum 8480+,56,2.0 TB,NVMe SSD,8,NVIDIA H100-SXM5-80GB,HBM3,80 GB,NVLINK Gen4 900 GB/s + NVSWITCH Gen3,MXNet NVIDIA Release 24.04 or PyTorch NVIDIA Release 24.04,Ubuntu 22.04.4 LTS,823031.0
72,2,Intel(R) Xeon(R) Platinum 8480+,56,2.0 TB,NVMe SSD,8,NVIDIA H100-SXM5-80GB,HBM3,80 GB,NVLINK Gen4 900 GB/s + NVSWITCH Gen3,MXNet NVIDIA Release 24.04 or PyTorch NVIDIA Release 24.04,Ubuntu 22.04.4 LTS,961988.0
72,2,Intel(R) Xeon(R) Platinum 8480+,56,2.0 TB,NVMe SSD,8,NVIDIA H100-SXM5-80GB,HBM3,80 GB,NVLINK Gen4 900 GB/s + NVSWITCH Gen3,MXNet NVIDIA Release 24.04 or PyTorch NVIDIA Release 24.04,Ubuntu 22.04.4 LTS,646166.0
72,2,Intel(R) Xeon(R) Platinum 8480+,56,2.0 TB,NVMe SSD,8,NVIDIA H100-SXM5-80GB,HBM3,80 GB,NVLINK Gen4 900 GB/s + NVSWITCH Gen3,MXNet NVIDIA Release 24.04 or PyTorch NVIDIA Release 24.04,Ubuntu 22.04.4 LTS,615391.0
