,accelerator_frequency,accelerator_host_interconnect,accelerator_interconnect,accelerator_interconnect_topology,accelerator_memory_capacity,accelerator_memory_configuration,accelerator_model_name,accelerator_on-chip_memories,accelerators_per_node,boot_firmware_version,cooling,disk_controllers,disk_drives,division,filesystem,framework,host_memory_capacity,host_memory_configuration,host_network_card_count,host_networking,host_networking_topology,host_processor_caches,host_processor_core_count,host_processor_frequency,host_processor_interconnect,host_processor_model_name,host_processors_per_node,host_storage_capacity,host_storage_type,hw_notes,management_firmware_version,network_speed_mbit,nics_enabled_connected,nics_enabled_firmware,nics_enabled_os,number_of_nodes,number_of_type_nics_installed,operating_system,other_hardware,other_software_stack,power_management,power_supply_details,power_supply_quantity_and_rating_watts,status,submitter,sw_notes,system_name,system_type,system_type_detail,system,host_processor_vcpu_count,host_processor_url,implementation,device,run_config
0,,PCIe Gen5 x16,XGMI,,192 GB,HBM3,AMD Instinct MI300X-NPS1-SPX-192GB-750W,,1,,Air-cooled,,,closed,,"vLLM 0.4.3+rocm614, PyTorch 2.3.0, ROCm 6.1.2",1.5TiB,24x 64GB Micron MTC40F2046S1RC48BA1 MHCC,"1x BCM57416 NetXtreme-E Dual-Media 10G RDMA Ethernet Controller, 1x MT2910 Family [ConnectX-7]",10G Ethernet,Ethernet on switching network,,32,,,2xAMD EPYC 9374F,2,"900G boot disk, 2x 3.5T data disk",NVMe SSD,,,,,,,1,,Ubuntu 22.04.4 LTS (Jammy Jellyfish),,"hipblaslt-8b71e7a, flash-attn-23a2b1c, vllm-a8cff57",,,,available,AMD,,Supermicro AS-8125GS-TNMR2,datacenter,N/A,1xMI300X_2xEPYC-9374F,,,,,
1,,PCIe Gen5 x16,XGMI,,192 GB,HBM3,AMD Instinct MI300X-NPS1-SPX-192GB-750W,,8,,Air-cooled,,,closed,,"vLLM 0.4.3+rocm614, PyTorch 2.3.0, ROCm 6.1.2",1.5TiB,24x 64GB Micron MTC40F2046S1RC48BA1 MHCC,"1x BCM57416 NetXtreme-E Dual-Media 10G RDMA Ethernet Controller, 1x MT2910 Family [ConnectX-7]",10G Ethernet,Ethernet on switching network,,32,,,2xAMD EPYC 9374F,2,"900G boot disk, 2x 3.5T data disk",NVMe SSD,,,,,,,1,,Ubuntu 22.04.4 LTS (Jammy Jellyfish),,"hipblaslt-8b71e7a, flash-attn-23a2b1c, vllm-a8cff57",,,,available,AMD,,Supermicro AS-8125GS-TNMR2,datacenter,N/A,8xMI300X_2xEPYC-9374F,,,,,
2,,PCIe Gen5 x16,XGMI,,192 GB,HBM3,AMD Instinct MI300X-NPS1-SPX-192GB-750W,,8,,Air-cooled,,,closed,,"vLLM 0.4.3+rocm614, PyTorch 2.3.0, ROCm 6.1.2",1.5TiB,24x 64GB Samsung M321R8GA0PB1-CCPXC,"1x BCM57416 NetXtreme-E Dual-Media 10G RDMA Ethernet Controller, 1x MT2910 Family [ConnectX-7]",10G Ethernet,Ethernet on switching network,,N/A,,,2xAMD EPYC TURIN,2,"900G boot disk, 2x 3.5T data disk",NVMe SSD,Preview due to using AMD next-generation EPYC CPU,,,,,,1,,Ubuntu 22.04.6 LTS (Jammy Jellyfish),,"hipblaslt-8b71e7a, flash-attn-23a2b1c, vllm-a8cff57",,,,preview,AMD,,Supermicro AS-8125GS-TNMR2,datacenter,N/A,8xMI300X_2xEPYC-TURIN,,,,,
3,,PCIe Gen5 x16,N/A,,94 GB,HBM3,NVIDIA H100-NVL-94GB,,4,,Air-cooled,NVMe,SSD,closed,,"TensorRT 10.2.0, CUDA 12.4",768 GB,12x64GB MTC40F2046S1RC48BA1,1x MT2910 Family [ConnectX-7],Infiniband,N/A,,96,,,AMD EPYC 9654 96-Core Processor,1,"3.8 TB SSD, 7.7 TB ",NVMe SSD,,,,,,,1,,Ubuntu 20.04.6,,"TensorRT 10.2.0, CUDA 12.4, cuDNN 9.1.0, Driver 550.54",,,,available,ASUSTeK,,ASUSTeK ESC4000A-E12 (4xH100-NVL-94GB),datacenter,N/A,ESC4000A_E12_4XH100_TRT,,,,,
4,,PCIe Gen5 x16,N/A,,80 GB,HBM3e,NVIDIA H100-PCIe-80GB,,8,,Air-cooled,,,closed,,"TensorRT 10.2.0, CUDA 12.4",2 TB,16x 64GB , 2x MT2910 Family [ConnectX-7],Infiniband,N/A,,32,,,AMD EPYC 9374F 32-Core Processor,2,4 TB SSD SSDPF2KX038TZ,NVMe SSD,Data bandwidth for GPU-PCIe: 504 GB/s; PCIe-NIC: 126 GB/s,,,,,,1,,Ubuntu 20.04.6,,"TensorRT 10.2.0, CUDA 12.4, cuDNN 9.1.0, Driver 550.54.15 , DALI 1.36.0",,,,available,ASUSTeK,,"ESC8000A-E12 (8x H100-PCIe-80GB, TensorRT)",datacenter,N/A,ESC8000A_E12_H100x8_TRT,,,,,
5,,PCIe Gen5 x16,"18x 4th Gen NVLink, 900GB/s",,80 GB,HBM3,NVIDIA H100-SXM-80GB,,8,,Air-cooled,NVMe,NVMe SSD,closed,,"TensorRT 10.2.0, CUDA 12.4",1.5 TB,16x 96GB M321RYGA0PB2-CCPPC,10x MT2910 Family [ConnectX-7],Infiniband,N/A,,64,,,INTEL(R) XEON(R) PLATINUM 8592+,2,1x 3.84TB NVMe SSD + 4x 3.84TB NVMe SSD,NVMe SSD,,,,,,,1,,Ubuntu 22.04.3,,"TensorRT 10.2.0, CUDA 12.4, cuDNN 8.9.7, Driver 550.90.07",,,,available,ASUSTeK,,"ESC-N8-E11 (8x H100-SXM-80GB, TensorRT)",datacenter,N/A,ESC_N8_E11_H100x8_TRT,,,,,
6,N/A,N/A,N/A,N/A,N/A,N/A,N/A,N/A,0,,Air,,,closed,,PyTorch,1024GB,8 slots / 64GB each / per socket,2,Ethernet Controller / 100G,N/A,N/A,64,N/A,N/A,INTEL(R) XEON(R) PLATINUM 8592+,2,N/A,N/A,Cisco UCS C240 M7,,,,,,1,,Ubuntu 22.04.3 LTS,,5.15.0-102-generic,,,,available,Cisco,N/A,C240M7-1-node-2S-EMR-PyTorch,datacenter,N/A,C240M7-1-node-2S-EMR-PyTorch,,,,,
7,,PCIe Gen4 x16,N/A,,48 GB,GDDR6,NVIDIA L40S,,2,,Air-cooled,,,closed,,"TensorRT 10.2.0, CUDA 12.4",1 TB,16x 64GB HMCG94MEBRA109N,2x 100Gbe,Ethernet,N/A,,32,,,Intel Xeon Gold 6448H,2,6.4 TB NVMe SSDs,NVMe SSD,,,,,,,1,,Ubuntu 22.04.3,,"TensorRT 10.2.0, CUDA 12.4, cuDNN 8.9.7, Driver 550.54.15, DALI 1.28.0",,,,available,CISCO,,"Cisco UCS C240 M7 (2x L40S, TensorRT)",datacenter,N/A,C240M7_L40Sx2_TRT,,,,,
8,,PCIe Gen5 x16,N/A,,80 GB,GDDR6,NVIDIA H100-PCIe-80GB,,2,,Air-cooled,,,closed,,"TensorRT 10.2.0, CUDA 12.4",1 TB,16x 64GB HMCG94MEBRA109N,2x 100Gbe,Ethernet,N/A,,96,,,AMD EPYC 9684X 96-Core Processor,2,6.4 TB NVMe SSDs,NVMe SSD,,,,,,,1,,Ubuntu 22.04.3,,"TensorRT 10.2.0, CUDA 12.4, cuDNN 8.9.7, Driver 550.54.15, DALI 1.28.0",,,,available,CISCO,,"Cisco UCS C245 M8 (2x H100-PCIe-80GB, TensorRT)",datacenter,N/A,C245M8_H100_PCIe_80GBx2_TRT,,,,,
9,,PCIe Gen4 x16,N/A,,48 GB,GDDR6,NVIDIA L40S,,2,,Air-cooled,,,closed,,"TensorRT 10.2.0, CUDA 12.4",1 TB,16x 64GB HMCG94MEBRA109N,2x 100Gbe,Ethernet,N/A,,96,,,AMD EPYC 9684X 96-Core Processor,2,6.4 TB NVMe SSDs,NVMe SSD,,,,,,,1,,Ubuntu 22.04.3,,"TensorRT 10.2.0, CUDA 12.4, cuDNN 8.9.7, Driver 550.54.15, DALI 1.28.0",,,,available,CISCO,,"Cisco UCS C245 M8 (2x L40S, TensorRT)",datacenter,N/A,C245M8_L40Sx2_TRT,,,,,
10,,PCIe Gen4 x16,N/A,,48 GB,GDDR6,NVIDIA L40S,,2,,Air-cooled,,,closed,,"TensorRT 10.2.0, CUDA 12.4",1 TB,16x 64GB HMCG94MEBRA109N,2x 100Gbe,Ethernet,N/A,,32,,,INTEL(R) XEON(R) PLATINUM 8562Y+,2,6.4 TB NVMe SSDs,NVMe SSD,,,,,,,1,,Ubuntu 22.04.4,,"TensorRT 10.2.0, CUDA 12.4, cuDNN 8.9.7, Driver 550.54.15, DALI 1.28.0",,,,available,CISCO,,"Cisco UCS X210c M7 (2x L40S, TensorRT)",datacenter,N/A,X210c_L40SX2_TRT,,,,,
11,N/A,N/A,N/A,N/A,N/A,N/A,N/A,N/A,0,,Air,,,closed,,PyTorch,1024GB,8 slots / 64GB each / per socket,2,Ethernet Controller / 100G,N/A,N/A,64,N/A,N/A,INTEL(R) XEON(R) PLATINUM 8592+,2,N/A,N/A,Cisco UCS X210 M7,,,,,,1,,Ubuntu 22.04.3 LTS,,5.15.0-102-generic,,,,available,Cisco,N/A,X210M7-1-node-2S-EMR-PyTorch,datacenter,N/A,X210M7-1-node-2S-EMR-PyTorch,,,,,
12,,N/A,N/A,,Shared with host,LPDDR5,NVIDIA Jetson AGX Orin 64G,,1,,Active Heatsink (12V fan),eMMC 5.1,eMMC 5.1,closed,,"Jetpack 6.0, TensorRT 10.1, CUDA 12.2",64 GB,64GB 256-bit LPDDR5,1 Integrated,Gig Ethernet,802.3 Cat6 RJ45 Copper,,12,,,12-core ARM Cortex-A78AE CPU,1,"64 GB eMMC, 500GB NVMe","eMMC 5.1, PCIe gen4 NVMe disk storage",CTI Forge Carrier for AGX Orin (AGX201) us used as the carrier board,,,,,,1,,Jetson r36.3.0 L4T,,"Jetpack 6.0, TensorRT 10.1, CUDA 12.2, cuDNN 8.9.4",,Mean Well 252W Adapter (GST280A12-C6P),252W,available,ConnectTechInc,Using default kernel paging size,NVIDIA Jetson AGX Orin 64G (TensorRT) + CTI Forge Carrier (AGX201),edge,N/A,Orin_TRT,,,,,
13,N/A,N/A,N/A,,N/A,N/A,N/A,N/A,0,,Air,,,closed,,PyTorch,1536GB,8 slots / 96GB each / per socket,1,Ethernet,Mesh,,64,,,INTEL(R) XEON(R) PLATINUM 8592+,2,6.4TB,NVMe,,,,,,,1,,Ubuntu 24.04,,6.8.0-36-generic,,,,available,Dell,"INT4 for GPT-J, and INT8 for all other models",Dell PowerEdge R760,datacenter,Single node dual 5th Gen Xeon CPUs,1-node-2S-EMR-PyTorch,,,,,
14,,PCIe 4.0 x16,PCIe 4.0 x16,,94 GB,HBM3,NVIDIA H100-NVL-94GB,,4,,Air cooling,NVMe,SSD,closed,,"TensorRT 10.2.0, CUDA 12.4",2 TB,32x 64GB 4400 MT/s,2x 1GbE,Ethernet,N/A,,120,,,INTEL(R) XEON(R) PLATINUM 8580,2,5 TB,NVMe SSD,,,,,,,1,,Ubuntu 22.04.4,,"TensorRT 10.2.0, CUDA 12.4, cuDNN 8.9.7, Driver 550.54",,,,available,Dell,,"Dell PowerEdge R760xa (4xH100 NVL, TensorRT)",datacenter,N/A,R760xa_H100NVL_PCIe_94GBx4_TRT,,,,,
15,,PCIe Gen5 x16,PCIe Gen5 x16,,80 GB,HBM2e,NVIDIA H100-PCIe-80GB,,4,,Air-cooled,,,closed,,"TensorRT 10.2.0, CUDA 12.4",2 TB,32x 64GB DDR5,2x 100GbE,Ethernet,N/A,,64,,,Intel(R) Xeon(R) Platinum 8480+,2,4 TB,NVMe SSD,,,,,,,1,,Ubuntu 20.04.4,,"TensorRT 10.2.0, CUDA 12.4, cuDNN 8.9.7, Driver 550.54",,,,available,Dell,,"Dell PowerEdge R760xa (4x H100-PCIe-80GB, TensorRT)",datacenter,N/A,R760xa_H100_PCIe_80GBx4_TRT,,,,,
16,,PCIe 4.0 x16,PCIe 4.0 x16,,48 GB,GDDR6,NVIDIA L40S,,4,,air-cooled,,,closed,,"TensorRT 10.2.0, CUDA 12.4",512 GB,16x 32GB 3200 MT/s,2x 1GbE,Ethernet,N/A,,64,,,Intel(R) Xeon(R) Gold 6338 CPU @ 2.00GHz,2,3.5 TB,SSD,,,,,,,1,,Rocky Linux 9.1,,"TensorRT 10.2.0, CUDA 12.4, cuDNN 8.9.7, Driver 550.54",,,,available,Dell,,"Dell PowerEdge R760xa (4x L40S, TensorRT)",datacenter,N/A,R760xa_L40Sx4_TRT,,,,,
17,,PCIe 4.0 x16,PCIe 4.0 x16,,80 GB,HBM2e,NVIDIA H100-PCIe-80GB,,2,,Air cooling,NVMe,SSD,closed,,"TensorRT 10.2.0, CUDA 12.4",2 TB,32x 64GB 4400 MT/s,2x 1GbE,Ethernet,N/A,,120,,,INTEL(R) XEON(R) PLATINUM 8580,2,5 TB,NVMe SSD,,,,,,,1,,Ubuntu 22.04.4,,"TensorRT 10.2.0, CUDA 12.4, cuDNN 8.9.7, Driver 550.54",,,,available,Dell,,"Dell PowerEdge R760 (2xH100_PCIe_80GB, TensorRT)",datacenter,N/A,R760_H100_PCIe_80GBx2_TRT,,,,,
18,,PCIe Gen5 x16,"6x 4th Gen NVLink, 900GB/s",,80 GB,HBM3,NVIDIA H100-SXM-80GB,,4,,Liquid Assisted Air-Cooled (LAAC),,,closed,,"TensorRT 9.3.0, CUDA 12.2",1 TB,16x 64GB DDR5,4x 400Gb Infiniband,Infiniband; Data bandwidth for GPU-PCIe: 252.06GB/s; PCIe-NIC: 200GB/s,N/A,,96,,,Intel(R) Xeon(R) Platinum 8468,2,2 TB SSD,NVMe SSD,,,,,,,1,,Ubuntu 20.04.6,,"TensorRT 10.2.0, CUDA 12.4, cuDNN 8.9.7, Driver 550.54",,,,available,Dell,,"Dell PowerEdge XE8640 (4x H100-SXM-80GB, TensorRT)",datacenter,N/A,XE8640_H100_SXM_80GBx4_TRT,,,,,
19,,PCIe Gen5 x16,"6x 4th Gen NVLink, 900GB/s",,80 GB,HBM3,NVIDIA H100-SXM-80GB,,4,,Liquid Cooled,,,closed,,"TensorRT 9.3.0, CUDA 12.2",1 TB,16x 64GB DDR5,4x 400Gb Infiniband,Infiniband; Data bandwidth for GPU-PCIe: 252.06GB/s; PCIe-NIC: 200GB/s,N/A,,96,,,Intel(R) Xeon(R) Platinum 8468,2,2 TB SSD,NVMe SSD,,,,,,,1,,Ubuntu 20.04.6,,"TensorRT 10.2.0, CUDA 12.4, cuDNN 8.9.7, Driver 550.54",,,,available,Dell,,"Dell PowerEdge XE9640 (4x H100-SXM-80GB, TensorRT)",datacenter,N/A,XE9640_H100_SXM_80GBx4_TRT,,,,,
20,,PCIe Gen5 x16,NVLINK,NVLINK Switch,80 GB,HBM3,NVIDIA H100-SXM-80GB,,8,,air-cooled,,,closed,,"TensorRT 10.2.0, CUDA 12.4",2 TB,32x 64GB DDR5,10x 400Gb Infiniband,Infiniband:Data bandwidth for GPU-PCIe: 504GB/s; PCIe-NIC: 500GB/s,Ethernet/Infiniband on switching network,,48,,,Intel(R) Xeon(R) Platinum 8468,2,7.68 TB,NVMe SSD,,,,,,,1,,Ubuntu 22.04.4,,"TensorRT 10.2.0, CUDA 12.4, cuDNN 8.9.7, Driver 550.90.07",,,,available,Dell,,"Dell PowerEdge XE9680 (8x H100-SXM-80GB, TensorRT)",datacenter,N/A,XE9680_H100_SXM_80GBx8_TRT,,,,,
21,,PCIe Gen5 x16,NVLINK,NVLINK Switch,141 GB,HBM3e,NVIDIA H200-SXM-141GB,,8,,air-cooled,NVMe,,closed,,"TensorRT 10.2.0, CUDA 12.4",2 TB,32x 64GB DDR5,10x 400Gb Infiniband,Infiniband:Data bandwidth for GPU-PCIe: 504GB/s; PCIe-NIC: 500GB/s,Ethernet/Infiniband on switching network,,52,,,Intel(R) Xeon(R) Platinum 8470,2,7.68 TB,NVMe SSD,H200 TGP 700W,,,,,,1,,Ubuntu 22.04.3,,"TensorRT 10.2.0, CUDA 12.5, cuDNN 8.9.7, Driver 555.42.06",,,,available,Dell,,"Dell PowerEdge XE9680 (8x H200-SXM-141GB, TensorRT)",datacenter,N/A,XE9680_H200_SXM_141GBx8_TRT,,,,,
22,,PCIe Gen5 x16,XGMI,Mesh,192 GB,HBM3,AMD MI300X-NPS1-SPX-192GB-750W,,8,,Air-cooled,,,closed,,"vLLM 0.4.3+rocm614, PyTorch 2.3.0, ROCm 6.1.0",2 TB,32x 64GB DDR5,10x 400Gb Infiniband,Infiniband:Data bandwidth for GPU-PCIe: 504GB/s; PCIe-NIC: 500GB/s,Ethernet/Infiniband on switching network,,40,,,Intel(R) Xeon(R) Platinum 8460Y+,2,7.68 TB,NVMe SSD,,,,,,,1,,Ubuntu 22.04.4,,Driver version TBD,,,,available,Dell,,"Dell PowerEdge XE9680 (8x MI300X_192GB, vLLM)",datacenter,N/A,XE9680_MI300X_192GBx8,,,,,
23,,PCIe Gen5 x16,PCIe Gen5 x16,,24 GB,HBM3,NVIDIA L4,,1,,air-cooled,,,closed,,"TensorRT 9.3.0, CUDA 12.2",1 TB,16x 16GB DDR5,2x 100GbE,Ethernet,N/A,,32,,,Intel(R) Xeon(R) Gold 6448Y CPU @ 2.10GHz,2,1.8 TB SSD,NVMe,,,,,,,1,,Ubuntu 20.04.6,,"TensorRT 9.3.0, CUDA 12.2, cuDNN 8.9.6, Driver 535.129.03, DALI 1.28.0",,,,available,Dell,,"Dell PowerEdge XR7620 (1x L4, TensorRT)",edge,N/A,XR7620_L4x1_TRT,,,,,
24,,PCIe Gen5 x16,PCIe Gen5 x16,,24 GB,GDDR6,NVIDIA L4,,1,,air-cooled,,,closed,,"TensorRT 10.2.0, CUDA 12.4",251GB,8x 32GB DDR5,4x 25GbE,Ethernet,N/A,,32,,,Intel(R) Xeon(R) Gold 6433N,1,2x 1.92 TB,NVMe SSD,,,,,,,1,,Ubuntu 22.04.3,,"TensorRT 10.2.0, CUDA 12.4, cuDNN 8.9.7, Driver 550.54",,,,available,Dell,,"Dell PowerEdge XR8620t (1x L4, TensorRT)",edge,N/A,XR8620_L4x1_TRT,,,,,
25,,PCIe Gen4 x16,N/A,,48 GB,GDDR6,NVIDIA L40S,,16,,Air-cooled,,,closed,,"TensorRT 10.2, CUDA 12.4",1024GB,16x 64GB M321R8GA0BB0-CQKZJ,"5x1Gbe, 1x200Gb","Intel I210, I350x4 (Gib Eth), Mellanox MT28908 ConnectX-6 (IB 200Gib)",Ethernet on switching network; Infiniband on peer to peer network,"L1d:3MiB, L1i:2MiB, L2:128MiB, L3:120MiB",32,3.4GHz,UPI,Intel(R) Xeon(R) Gold 6454S,2,745.2GBx8,NVMe SSD,,,,,,,1,,Ubuntu 22.04.4,,"TensorRT 8.6.3, CUDA 12.4, cuDNN 9.1.0.70, Driver 550.90.07",,,,available,Fujitsu,,"PRIMERGY CDI (16x L40S, TensorRT)",datacenter,N/A,CDI_L40Sx16_TRT,,,,,
26,,PCIe Gen4 x16,N/A,,48 GB,GDDR6,NVIDIA L40S,,8,,Air-cooled,,,closed,,"TensorRT 10.2, CUDA 12.4",1024GB,16x 64GB M321R8GA0BB0-CQKZJ,"5x1Gbe, 1x200Gb","Intel I210, I350x4 (Gib Eth), Mellanox MT28908 ConnectX-6 (IB 200Gib)",Ethernet on switching network; Infiniband on peer to peer network,"L1d:3MiB, L1i:2MiB, L2:128MiB, L3:120MiB",32,3.4GHz,UPI,Intel(R) Xeon(R) Gold 6454S,2,745.2GBx8,NVMe SSD,,,,,,,1,,Ubuntu 22.04.4,,"TensorRT 8.6.3, CUDA 12.4, cuDNN 9.1.0.70, Driver 550.90.07",,,,available,Fujitsu,,"PRIMERGY CDI (8x L40S, TensorRT)",datacenter,N/A,CDI_L40Sx8_TRT,,,,,
27,,PCIe Gen5 x16,"6x 4th Gen NVLINK, 900GB/s",,80 GB,HBM3,NVIDIA H100-SXM-80GB,,4,,Air-cooled,,,closed,,"TensorRT 10.2, CUDA 12.4",1 TB,32x 32GB DDR5,"2x10Gb(ethernet), 2x200Gb (infiniband)","Ethernet, Infiniband",Ethernet on switching network; Infiniband on peer to peer network,,48,,,Intel(R) Xeon(R) Platinum 8468,2,877GB (NVMe SSD) + 14TB (SATA SSD) + 7TB(PCIe SSD),NVMe SSD,,,,,,,1,,Ubuntu 20.04.4,,"TensorRT 9.3.0, CUDA 12.2, cuDNN 8.9.6, Driver 535.129.03, DALI 1.28.0",,,,available,Fujitsu,,"GX2560M7_H100_SXM_80GBx4 (4x H100-SXM-80GB, TensorRT)",datacenter,N/A,GX2560M7_H100_SXM_80GBx4_TRT,,,,,
28,,PCIe Gen5 x16,"18x 4th Gen NVLink, 900GB/s",,141 GB,HBM3,NVIDIA H200-SXM-141GB,,8,,Air-cooled,NVMe,SSD,closed,,"TensorRT 10.2.0, CUDA 12.4",2 TB,32x 64GB DDR5,N/A,N/A,N/A,,56,,,Intel(R) Xeon(R) Platinum 8480+,2,"1 TB SSD, 27.9 TB",NVMe SSD,H200 TGP 700W,,,,,,1,,Ubuntu 22.04.4,,"TensorRT 10.2.0, CUDA 12.4, cuDNN 8.9.7, Driver 550.54",,,,available,GigaComputing,,GIGABYTE G593-SD1,datacenter,N/A,GIGABYTE_G593_SD1_H200_SXM_141GBx8_TRT,,,,,
29,,PCIe Gen5 x16,N/A,,180 GB,HBM3e,NVIDIA B200-SXM-180GB,,1,,Air-cooled,NVMe,SSD,closed,,"TensorRT 10.2.0, CUDA 12.4",408GB,6x 64GB MTC40F2046S1RC48BA1,2x 10Gbe,Gig Ethernet,Ethernet on switching network,,12,,,Intel(R) Xeon(R) Silver 4410Y,1,"2 TB SSD, 5 TB CIFS","NVMe SSD, CIFS mounted disk storage",B200 TGP 1000W,,,,,,1,,Ubuntu 22.04.4,,"TensorRT 10.2.0, CUDA 12.4, cuDNN 8.9.7, Driver 560.xx",,,,preview,Google,,"NVIDIA B200 (1x B200-SXM-180GB, TensorRT)",datacenter,N/A,B200-SXM-180GBx1_TRT,,,,,
30,, , ,,80 GB,HBM2e,NVIDIA A100-SXM-80GB,,8,, ,,,closed,,"TensorRT 10.2.0, CUDA 12.4",2 TB, , , , ,,64,,,Intel(R) Xeon(R) CPU @ 2.20GHz,2,15 TB,NVMe SSD,,,,,,,1,,Ubuntu 20.04.4,,"TensorRT 10.2.0, CUDA 12.4, cuDNN 8.9.7, Driver 550.54",,,,available,Google,,"NVIDIA DGX A100 (8x A100-SXM-80GB, TensorRT)",datacenter, ,DGX-A100_A100-SXM-80GBx8_TRT,,,,,
31,,PCIe Gen3 x16,"18x 4th Gen NVLink, 900GB/s",,80 GB,HBM3,NVIDIA H100-SXM-80GB,,8,,Air-cooled,NVMe,SSD,closed,,"TensorRT 10.2.0, CUDA 12.4",2 TB,32x 64GB MTC40F2046S1RC48BA1,8+1,Maximum network bandwidth speed: 1800 Gbps,Ethernet on switching network,,56,2.70GHz (Base Clock),Intel Ultra Path Interconnect (UPI),Intel(R) Xeon(R) Platinum 8481C,2,"2 TB SSD, 5 TB CIFS","NVMe SSD, CIFS mounted disk storage",,,,,,,1,,Ubuntu 22.04.4,,"TensorRT 10.2.0, CUDA 12.4, cuDNN 8.9.7, Driver 550.54",,,,available,Google,,"NVIDIA DGX H100 (8x H100-SXM-80GB, TensorRT)",datacenter,N/A,DGX-H100_H100-SXM-80GBx8_TRT,,,,,
32,,NVLink-C2C,1x 400Gbe Infiniband,,144 GB,HBM3e,NVIDIA GH200-GraceHopper-Superchip,,1,,Air-cooled,NVMe,SSD,closed,,"TensorRT 10.2.0, CUDA 12.4",480 GB,15x 16DP (32GB) LPDDR5x,1x 10Gbe Intel Ethernet X550T,Ethernet; Data bandwidth for GPU-NIC is 252.06 GB/s,Ethernet/Infiniband on switching network,,72,,,NVIDIA Grace CPU,1,"2 TB SSD, 5 TB CIFS","NVMe SSD, CIFS mounted disk storage",NVIDIA MGX Reference Platform;,,,,,,1,,Ubuntu 22.04.2,,"TensorRT 10.2.0, CUDA 12.4, cuDNN 8.9.7, Driver 535.65",,,,available,Google,,"NVIDIA GH200-GraceHopper-Superchip (1x GH200-144GB_aarch64, TensorRT)",datacenter,N/A,GH200-GraceHopper-Superchip_GH200-144GB_aarch64x1_TRT,,,,,
33,,PCIe Gen5 x16,"18x 4th Gen NVLink, 900GB/s",,141 GB,HBM3,NVIDIA H200-SXM-141GB-CTS,,1,,Air/liquid cooling,NVMe,SSD,closed,,"TensorRT 10.2.0, CUDA 12.4",2 TB,32x 64GB MTC40F2046S1RC48BA12,10x 400Gbe Infiniband,Infiniband;  Data bandwidth for GPU-PCIe: 504GB/s; PCIe-NIC: 500GB/s,Ethernet/Infiniband on switching network,,56,,,Intel(R) Xeon(R) Platinum 8480C,2,"2 TB SSD, 5 TB CIFS","NVMe SSD, CIFS mounted disk storage",H200 TGP 1000W,,,,,,1,,Ubuntu 22.04.4,,"TensorRT 10.2.0, CUDA 12.4, cuDNN 8.9.7, Driver 550.54",,,,available,Google,,"NVIDIA H200 (1x H200-SXM-141GB-CTS, TensorRT)",datacenter,N/A,H200-SXM-141GB-CTSx1_TRT,,,,,
34,,PCIe Gen5 x16,"18x 4th Gen NVLink, 900GB/s",,141 GB,HBM3,NVIDIA H200-SXM-141GB-CTS,,8,,Air/liquid cooling,NVMe,SSD,closed,,"TensorRT 10.2.0, CUDA 12.4",2 TB,32x 64GB MTC40F2046S1RC48BA12,10x 400Gbe Infiniband,Infiniband;  Data bandwidth for GPU-PCIe: 504GB/s; PCIe-NIC: 500GB/s,Ethernet/Infiniband on switching network,,56,,,Intel(R) Xeon(R) Platinum 8480C,2,"2 TB SSD, 5 TB CIFS","NVMe SSD, CIFS mounted disk storage",H200 TGP 1000W,,,,,,1,,Ubuntu 22.04.4,,"TensorRT 10.2.0, CUDA 12.4, cuDNN 8.9.7, Driver 550.54",,,,available,Google,,"NVIDIA H200 (8x H200-SXM-141GB-CTS, TensorRT)",datacenter,N/A,H200-SXM-141GB-CTSx8_TRT,,,,,
35,,PCIe Gen5 x16,"18x 4th Gen NVLink, 900GB/s",,141 GB,HBM3,NVIDIA H200-SXM-141GB,,1,,Air-cooled,NVMe,SSD,closed,,"TensorRT 10.2.0, CUDA 12.4",2 TB,32x 64GB MTC40F2046S1RC48BA1,10x 400Gbe Infiniband,Infiniband;  Data bandwidth for GPU-PCIe: 504GB/s; PCIe-NIC: 500GB/s,Ethernet/Infiniband on switching network,,56,,,Intel(R) Xeon(R) Platinum 8480C,2,"2 TB SSD, 5 TB CIFS","NVMe SSD, CIFS mounted disk storage",H200 TGP 700W,,,,,,1,,Ubuntu 22.04.4,,"TensorRT 10.2.0, CUDA 12.4, cuDNN 8.9.7, Driver 550.54",,,,available,Google,,"NVIDIA H200 (1x H200-SXM-141GB, TensorRT)",datacenter,N/A,H200-SXM-141GBx1_TRT,,,,,
36,,PCIe Gen5 x16,"18x 4th Gen NVLink, 900GB/s",,141 GB,HBM3,NVIDIA H200-SXM-141GB,,8,,Air-cooled,NVMe,SSD,closed,,"TensorRT 10.2.0, CUDA 12.4",2 TB,32x 64GB MTC40F2046S1RC48BA1,10x 400Gbe Infiniband,Infiniband;  Data bandwidth for GPU-PCIe: 504GB/s; PCIe-NIC: 500GB/s,Ethernet/Infiniband on switching network,,56,,,Intel(R) Xeon(R) Platinum 8480C,2,"2 TB SSD, 5 TB CIFS","NVMe SSD, CIFS mounted disk storage",H200 TGP 700W,,,,,,1,,Ubuntu 22.04.4,,"TensorRT 10.2.0, CUDA 12.4, cuDNN 8.9.7, Driver 550.54",,,,available,Google,,"NVIDIA H200 (8x H200-SXM-141GB, TensorRT)",datacenter,N/A,H200-SXM-141GBx8_TRT,,,,,
37,,PCIe Gen5 x16,"18x 4th Gen NVLink, 900GB/s",,141 GB,HBM3,NVIDIA H200-SXM-141GB,,8,,Air-cooled,NVMe,SSD,closed,,"TensorRT 10.2.0, CUDA 12.4",2 TB,32x 64GB MTC40F2046S1RC48BA1,10x 400Gbe Infiniband,Infiniband;  Data bandwidth for GPU-PCIe: 504GB/s; PCIe-NIC: 500GB/s,Ethernet/Infiniband on switching network,,56,,,Intel(R) Xeon(R) Platinum 8480C,2,"2 TB SSD, 5 TB CIFS","NVMe SSD, CIFS mounted disk storage",H200 TGP 700W,,,,,,1,,Ubuntu 22.04.4,,"TensorRT 10.2.0, CUDA 12.4, cuDNN 8.9.7, Driver 550.54",,,,available,Google,,"NVIDIA H200 (8x H200-SXM-141GB, MaxQ, TensorRT)",datacenter,N/A,H200-SXM-141GBx8_TRT_MaxQ,,,,,
38,,PCIe Gen5 x16,"18x 4th Gen NVLink, 900GB/s",,141 GB,HBM3,NVIDIA H200-SXM-141GB,,8,,Air-cooled,NVMe,SSD,closed,,"TensorRT 10.2.0, CUDA 12.4",2 TB,32x 64GB MTC40F2046S1RC48BA1,10x 400Gbe Infiniband,Infiniband;  Data bandwidth for GPU-PCIe: 504GB/s; PCIe-NIC: 500GB/s,Ethernet/Infiniband on switching network,,56,,,Intel(R) Xeon(R) Platinum 8480C,2,"2 TB SSD, 5 TB CIFS","NVMe SSD, CIFS mounted disk storage",H200 TGP 700W,,,,,,1,,Ubuntu 22.04.4,,"TensorRT 10.2.0, CUDA 12.4, cuDNN 8.9.7, Driver 550.54, Triton 24.06",,,,available,Google,,"NVIDIA H200 (8x H200-SXM-141GB, TensorRT, Triton)",datacenter,N/A,H200-SXM-141GBx8_TRT_Triton,,,,,
39,,PCIe Gen4 x16,N/A,,24 GB,GDDR6,NVIDIA L4,,1,,Air-cooled,,,closed,,"TensorRT 10.2.0, CUDA 12.4",256 GB,8x 32GB 36ASF4G72PZ-3G2R1,2x 50Gbe,Gig Ethernet,N/A,,16,,,Intel(R) Xeon(R) CPU @ 2.20GHz,2,"2 TB SSD, 5 TB CIFS","NVMe SSD, CIFS mounted disk storage",,,,,,,1,,Ubuntu 20.04.4,,"TensorRT 10.2.0, CUDA 12.4, cuDNN 8.9.7, Driver 550.54",,,,available,Google,,"ASROCKRACK 1U1G-MILAN (1x L4, TensorRT)",datacenter,N/A,L4x1_TRT,,,,,
40,,N/A,N/A,,Shared with host,LPDDR5,NVIDIA Jetson AGX Orin 64G,,1,,Air-cooled,eMMC 5.1,eMMC 5.1,closed,,"Jetpack 6.0, TensorRT 10.1, CUDA 12.2",64 GB,64GB 256-bit LPDDR5,1 Integrated,Gig Ethernet,USB forwarded,,12,,,12-core ARM Cortex-A78AE CPU,1,"64 GB eMMC, 5TB CIFS","eMMC 5.1, CIFS mounted disk storage","GPU and both DLAs are used in resnet50 and Retinanet, in Offline scenario",,,,,,1,,Jetson r36.3.1 L4T,,"Jetpack 6.0, TensorRT 10.1, CUDA 12.2, cuDNN 8.9.4",,Dell USB-C 130.0W Adapter (HA130PM170),130W,available,Google,,NVIDIA Jetson AGX Orin Developer Kit 64G (TensorRT),edge,N/A,Orin_TRT,,,,,
41,,PCIe Gen3 x16,ICI 1600 Gbps,2D Torus,16 GB,HBM2,TPU v5e,48 MiB,4,,TODO,,,closed,,flax,192 GB,TODO,TODO,TODO,TODO,L1d: 1.8 MiB; L1i: 1.8 MiB; L2: 28 MiB; L3: 224 MiB,112,2200 MHz (base); 3500 MHz (turbo),,AMD EPYC 7B13,1,SSD: 100 GB; HDD: 100 GB,SSD; HDD,,,,,,,1,,"Linux version 5.19.0-1030-gcp (buildd@bos03-amd64-050) (x86_64-linux-gnu-gcc-12 (Ubuntu 12.1.0-2ubuntu1~22.04) 12.1.0, GNU ld (GNU Binutils for Ubuntu) 2.38) #32~22.04.1-Ubuntu SMP Thu Jul 13 09:36:23 UTC 2023",,"{'JAX TPU runtime': 'flax==0.8.5, jax[tpu]==0.4.30'}",,,,available,Google,,tpu-v5e-4,datacenter,cloud instance,tpu_v5e_x4_flax,,,,,
42,,TODO,TODO,,32 GB,HBM3,TPU v6,,4,,TODO,,,closed,,flax,720 GB,TODO,TODO,TODO,TODO,,180,,,AMD EPYC 9B14,1,SSD: 100 GB; HDD: 100 GB,SSD; HDD,,,,,,,1,,"Linux version 6.2.0-1019-gcp (buildd@lcy02-amd64-032) (x86_64-linux-gnu-gcc-12 (Ubuntu 12.3.0-1ubuntu1~22.04) 12.3.0, GNU ld (GNU Binutils for Ubuntu) 2.38) #21~22.04.1-Ubuntu SMP Thu Nov 16 18:18:34 UTC 2023",,"{'JAX TPU runtime': 'flax==0.8.5, jax[tpu]==0.4.30'}",,,,preview,Google,,tpu-v6-4,datacenter,cloud instance,tpu_v6_x4_flax,,,,,
43,N/A,N/A,N/A,N/A,N/A,N/A,N/A,N/A,0,,Air,,,closed,,PyTorch,1024GB,8 slots / 64GB each / per socket,2,Ethernet Controller / 10GBASE-T,N/A,N/A,64,N/A,N/A,INTEL(R) XEON(R) PLATINUM 8592+,2,N/A,N/A,,,,,,,1,,CentOS Stream 8,,6.6.8-1.el8.elrepo.x86_64,,,,available,HPE,N/A,HPE ProLiant DL380 Gen11,datacenter,N/A,1-node-2S-EMR-PyTorch,,,,,
44,,NVLink-C2C,1x 400Gbe Infiniband,,144 GB,HBM3e,NVIDIA GH200 Grace Hopper Superchip 144GB,,1,,Air-cooled,NVMe,SSD,closed,,"TensorRT 10.2.0, CUDA 12.4",480 GB,15x 16DP (32GB) LPDDR5x,1x Mellanox MT2894 [ConnectX-6 Lx],Ethernet(IPoIB); Data bandwidth for GPU-NIC is 252.06 GB/s,Ethernet(IPoIB)/Infiniband on switching network,,72,,,NVIDIA Grace CPU,1,"2 TB SSD, 5 TB CIFS","NVMe SSD, CIFS mounted disk storage",NVIDIA GH200 144GB HBM3e,,,,,,1,,Ubuntu 22.04.2,,"TensorRT 10.2.0, CUDA 12.4, cuDNN 8.9.7, Driver 560.30",,,,preview,HPE,,"HPE ProLiant Compute DL384 Gen12 (1x GH200-144GB_aarch64, TensorRT)",datacenter,N/A,GH200-GraceHopper-Superchip_GH200-144GB_aarch64x1_TRT,,,,,
45,,NVLink-C2C,1x 400Gbe Infiniband,,144 GB,HBM3e,NVIDIA GH200 Grace Hopper Superchip 144GB,,2,,Air-cooled,NVMe,SSD,closed,,"TensorRT 10.2.0, CUDA 12.4",480 GB,15x 16DP (32GB) LPDDR5x,1x Mellanox MT2894 [ConnectX-6 Lx],Ethernet(IPoIB); Data bandwidth for GPU-NIC is 252.06 GB/s,Ethernet(IPoIB)/Infiniband on switching network,,144,,,NVIDIA Grace CPU,2,"2 TB SSD, 5 TB CIFS","NVMe SSD, CIFS mounted disk storage",NVIDIA GH200 144GB HBM3e,,,,,,1,,Ubuntu 22.04.2,,"TensorRT 10.2.0, CUDA 12.4, cuDNN 8.9.7, Driver 560.30",,,,preview,HPE,,"HPE ProLiant Compute DL384 Gen12 (2x GH200-144GB_aarch64, TensorRT)",datacenter,N/A,GH200-GraceHopper-Superchip_GH200-144GB_aarch64x2_TRT,,,,,
46,,N/A,"8x 4th Gen NVLink, 900GB/s",,80 GB,HBM3,NVIDIA H100-SXM-80GB,,8,,Air-cooled,,,closed,,"TensorRT 10.2.0, CUDA 12.4",2048GB,32x 64GB MTC40F2046S1RC48BA1,10x 400Gbe Infiniband,Infiniband,N/A,"L1d: 4.5 MiB (96 instances), L1i: 3 MiB (96 instances), L2: 192 MiB (96 instances), L3: 210 MiB (2 instances)",48,3.8GHz,,Intel(R) Xeon(R) Platinum 8468,2,"2TB SSD, 673TB HPE ClusterStor","NVMe SSD, CIFS mounted disk storage",,,,,,,1,,22.04.4 LTS,,"TensorRT 10.2.0, CUDA 12.4, cuDNN 8.9.7, Driver 555.42.06",,,,available,HPE,,"HPE Cray XD670 (8x H100-SXM-80GB, TensorRT)",datacenter,N/A,HPE_Cray_XD670_H100_SXM_80GBx8_TRT,,,,,
47,,N/A,"4x 4th Gen NVLink, 900GB/s",,94 GB,HBM3,NVIDIA H100-NVL-94GB,,4,,Air-cooled,,,closed,,"TensorRT 10.2.0, CUDA 12.4",1024GB,16x 64GB,7-slots of 2-port 200G Infiniband (Max 2800GB HDR) or 2-port 100G Ethernet (Max 1400GbE),8x 400Gbe Infiniband,N/A,"L1d: 3 MiB, L1i: 2 MiB, L2: 128 MiB (64 instances), L3: 320 MiB (2 instances)",32,"2.1GHz, Max Turbo=4.0GHz",,INTEL(R) XEON(R) GOLD 6530,2,"1.8T SSD, 34 TB CIFS","NVMe SSD, NFS mounted disk storage",,,,,,,1,,Ubuntu 22.04.4 LTS,,"TensorRT 10.2.0, CUDA 12.4, cuDNN 8.9.7, Driver 535.183.01",,,4x 3200W,available,HPE,,"HPE ProLiant DL380a Gen11 (4x H100-NVL-94GB, TensorRT)",datacenter,N/A,HPE_ProLiant_DL380a_H100_NVL_94GBx4_TRT,,,,,
48,,PCIe Gen5 Switch,N/A,,48 GB,HBM2e,NVIDIA L40S,,4,,Air-cooled,,,closed,,"TensorRT 9.0.0, CUDA 12.4",1024GB,16x 64GB 36ASF8G72PZ-3G2E1,7-slots of 2-port 200G Infiniband (Max 2800GB HDR) or 2-port 100G Ethernet (Max 1400GbE),1Gbe,N/A,,60,,,Intel(R) Xeon(R) Platinum 8580,2,6 TB,NVMe SSD,,,,,,,1,,Ubuntu 22.04.3,,"TensorRT 9.3.0, CUDA 12.4, Driver 535.183.01",,,,available,HPE,,"HPE ProLiant DL380a Gen11 (4x L40S-PCIe-48GB, TensorRT)",datacenter,N/A,HPE_ProLiant_DL380a_L40S_PCIe_48GBx4_TRT,,,,,
49,N/A,N/A,N/A,N/A,N/A,N/A,N/A,N/A,0,,Air,,,closed,,PyTorch,1024GB,8 slots / 64GB each / per socket,2,Ethernet Controller / 10GBASE-T,N/A,N/A,64,N/A,N/A,INTEL(R) XEON(R) PLATINUM 8592+,2,N/A,N/A,QuantaGrid D54Q-2U,,,,,,1,,CentOS Stream 8,,6.6.8-1.el8.elrepo.x86_64,,,,available,Intel,N/A,1-node-2S-EMR-PyTorch,datacenter,N/A,1-node-2S-EMR-PyTorch,,,,,
50,N/A,N/A,N/A,N/A,N/A,N/A,N/A,N/A,0,,Air,,,closed,,PyTorch,1024GB,8 slots / 64GB each / per socket,2,Ethernet Controller / 10GBASE-T,N/A,N/A,64,N/A,N/A,INTEL(R) XEON(R) PLATINUM 8592+,2,N/A,N/A,QuantaGrid D54Q-2U,,,,,,1,,CentOS Stream 8,,6.6.8-1.el8.elrepo.x86_64,,,,available,Intel,N/A,1-node-2S-EMR-PyTorch,datacenter,N/A,1-node-2S-EMR-PyTorch,,,,,
51,N/A,N/A,N/A,N/A,N/A,N/A,N/A,N/A,0,,Air,,,closed,,PyTorch,1024GB,8 slots / 64GB each / per socket,2,Ethernet Controller / 10GBASE-T,N/A,N/A,64,N/A,N/A,INTEL(R) XEON(R) PLATINUM 8592+,2,N/A,N/A,QuantaGrid D54Q-2U,,,,,,1,,CentOS Stream 8,,6.6.8-1.el8.elrepo.x86_64,,,,available,Intel,N/A,1-node-2S-EMR-PyTorch,datacenter,N/A,1-node-2S-EMR-PyTorch,,,,,
52,N/A,N/A,N/A,N/A,N/A,N/A,N/A,N/A,0,,Air,,,closed,,PyTorch,1024GB,8 slots / 64GB each / per socket,2,Ethernet Controller / 10GBASE-T,N/A,N/A,64,N/A,N/A,INTEL(R) XEON(R) PLATINUM 8592+,2,N/A,N/A,QuantaGrid D54Q-2U,,,,,,1,,CentOS Stream 8,,6.6.8-1.el8.elrepo.x86_64,,,,available,Intel,N/A,1-node-2S-EMR-PyTorch,datacenter,N/A,1-node-2S-EMR-PyTorch,,,,,
53,N/A,N/A,N/A,N/A,N/A,N/A,N/A,N/A,0,,Air,,,closed,,PyTorch,1024GB,8 slots / 64GB each / per socket,2,Ethernet Controller / 10GBASE-T,N/A,N/A,64,N/A,N/A,INTEL(R) XEON(R) PLATINUM 8592+,2,N/A,N/A,QuantaGrid D54Q-2U,,,,,,1,,CentOS Stream 8,,6.6.8-1.el8.elrepo.x86_64,,,,available,Intel,N/A,1-node-2S-EMR-PyTorch,datacenter,N/A,1-node-2S-EMR-PyTorch,,,,,
54,N/A,N/A,N/A,N/A,N/A,N/A,N/A,N/A,0,,Air,,,closed,,PyTorch,1024GB,8 slots / 64GB each / per socket,2,Ethernet Controller / 10GBASE-T,N/A,N/A,64,N/A,N/A,INTEL(R) XEON(R) PLATINUM 8592+,2,N/A,N/A,QuantaGrid D54Q-2U,,,,,,1,,CentOS Stream 8,,6.6.8-1.el8.elrepo.x86_64,,,,available,Intel,N/A,1-node-2S-EMR-PyTorch,datacenter,N/A,1-node-2S-EMR-PyTorch,,,,,
55,N/A,N/A,N/A,N/A,N/A,N/A,N/A,N/A,0,,Air,,,closed,,PyTorch,1024GB,8 slots / 64GB each / per socket,2,Ethernet Controller / 10GBASE-T,N/A,N/A,64,N/A,N/A,INTEL(R) XEON(R) PLATINUM 8592+,2,N/A,N/A,QuantaGrid D54Q-2U,,,,,,1,,CentOS Stream 8,,6.6.8-1.el8.elrepo.x86_64,,,,available,Intel,N/A,1-node-2S-EMR-PyTorch,datacenter,N/A,1-node-2S-EMR-PyTorch,,,,,
56,N/A,N/A,N/A,N/A,N/A,N/A,N/A,N/A,0,,Air,,,closed,,PyTorch,1024GB,8 slots / 64GB each / per socket,2,Ethernet Controller / 10GBASE-T,N/A,N/A,64,N/A,N/A,INTEL(R) XEON(R) PLATINUM 8592+,2,N/A,N/A,QuantaGrid D54Q-2U,,,,,,1,,CentOS Stream 8,,6.6.8-1.el8.elrepo.x86_64,,,,available,Intel,N/A,1-node-2S-EMR-PyTorch,datacenter,N/A,1-node-2S-EMR-PyTorch,,,,,
57,N/A,N/A,N/A,N/A,N/A,N/A,N/A,N/A,0,,Air,,,closed,,PyTorch,1024GB,8 slots / 64GB each / per socket,2,Ethernet Controller / 10GBASE-T,N/A,N/A,64,N/A,N/A,INTEL(R) XEON(R) PLATINUM 8592+,2,N/A,N/A,QuantaGrid D54Q-2U,,,,,,1,,CentOS Stream 9,,6.9.7-1.el9.elrepo.x86_64,,,,available,Intel,N/A,1-node-2S-EMR-PyTorch,datacenter,N/A,1-node-2S-EMR-PyTorch,,,,,
58,N/A,N/A,N/A,N/A,N/A,N/A,N/A,N/A,0,,Air,,,closed,,PyTorch,2304GB,12 slots per socket / 96GB each / 8800 MT/s DDR5 (MRDIMM),2,Ethernet Controller / 10GBASE-T,N/A,N/A,128,N/A,N/A,INTEL(R) XEON(R) 6980P,2,N/A,N/A,Intel AvenueCity,,,,,,1,,CentOS Stream 9,,6.6.0-gnr.bkc.6.6.16.8.23.x86_64,,,,preview,Intel,N/A,1-node-2S-GNR-PyTorch,datacenter,N/A,1-node-2S-GNR-PyTorch,,,,,
59,,PCIe Gen4 x16,NVLink,rail-optimized,80 GB,HBM3,NVIDIA H100-SXM-80GB,,8,,Air-cooled,,,closed,,"TensorRT 9.3.0, CUDA 12.2",2.0 TB,32 slots / 64 GB each/ Total = 2 TB /DDR4  3200 MHz,8,Gig Ethernet,Ethernet on Juniper switching network,,112,,,AMD EPYC 7763 64-Core Processor,2,N/A,N/A,,,,,,,2,,Ubuntu 20.04.4,,"TensorRT 9.3.0, CUDA 12.2, cuDNN 8.9.6, Driver 535.129.03, DALI 1.28.0",,,,available,JuniperNetworks,,2x8xH100-SXM-80GB,datacenter,N/A,DGX-H100_H100-SXM-80GBx16_TRT,,,,,
60,,PCIe Gen4 x16,NVLink,rail-optimized,80 GB,HBM3,NVIDIA H100-SXM-80GB,,8,,Air-cooled,,,closed,,"TensorRT 9.3.0, CUDA 12.2",2.0 TB,32 slots / 64 GB each/ Total = 2 TB /DDR4  3200 MHz,8,Gig Ethernet,Ethernet on Juniper switching network,,112,,,AMD EPYC 7763 64-Core Processor,2,N/A,N/A,,,,,,,4,,Ubuntu 20.04.4,,"TensorRT 9.3.0, CUDA 12.2, cuDNN 8.9.6, Driver 535.129.03, DALI 1.28.0",,,,available,JuniperNetworks,,4x8xH100-SXM-80GB,datacenter,N/A,DGX-H100_H100-SXM-80GBx32_TRT,,,,,
61,,PCIe Gen5 x16,"18x 4th Gen NVLink, 900GB/s",,141 GB,HBM3e,NVIDIA H200-SXM-141GB,,8,,Air-cooled,NVMe,SSD,closed,,"TensorRT 10.2.0, CUDA 12.5",1.5 TB,24x 64GB HMCG94MEBRA121N,1,Gig Ethernet,N/A,,48,,,AMD EPYC 9454,2,7 TB SSD,NVMe SSD,H200 TGP 700W,,,,,,1,,Ubuntu 22.04.4,,"TensorRT 10.2.0, CUDA 12.4, cuDNN 8.9.7, Driver 555.42",,,,available,Lenovo,,"ThinkSystem SR685a V3(8x H200-SXM-141GB, TensorRT)",datacenter,N/A,H200_SXM_141GBx8_TRT,,,,,
62,,N/A,N/a,,48 GB,GDDR6,NVIDIA L40S,,2,,Air-cooled,,,closed,,"TensorRT 9.3.0, CUDA 12.3",128 GB,4x 32GB M321R4GA3BB6-CQKDS,2,Gig Ethernet,N/A,,16,,,AMD EPYC 8124P 16-Core Processor,1,2 TB SSD,NVMe SSD,,,,,,,1,,Ubuntu 22.04.3,,"TensorRT 9.3.0, CUDA 12.2, cuDNN 8.9.6, Driver 545.23.08, DALI 1.28.0",,,,available,Lenovo,,"ThinkEdge SE455 V3 (2x NVIDIA L40S, TensorRT)",edge,N/A,Lenovo_2xL40S_TRT,,,,,
63,,Ethernet,None,None,24 GB,GDDR6,NVIDIA L4,,2,,Air-cooled,,,closed,,"TensorRT 9.3.0, CUDA 12.5",256 GB,4x 64GB M393A8G40CB4-CWE,2,Gig Ethernet,N/A,,16,,,Intel(R) Xeon(R) D-2775TE,1,2 TB SSD,NVMe SSD,,,,,,,1,,Ubuntu 22.04.4,,"TensorRT 9.3.0, CUDA 12.5, Driver 555.42",,,,available,Lenovo,,"ThinkEdge SE360 V2 (2x NVIDIA L4, TensorRT)",edge,N/A,Lenovo_2xL4_TRT,,,,,
64,,PCIe Gen5 x16,"18x 4th Gen NVLink, 900GB/s",,141 GB,HBM3e,NVIDIA H200-SXM-141GB,,8,,Air-cooled,NVMe,SSD,closed,,"TensorRT 10.2.0, CUDA 12.4",2 TB,32x 64GB MTC40F2046S1RC48BA1,10x 400Gbe Infiniband,Infiniband;  Data bandwidth for GPU-PCIe: 504GB/s; PCIe-NIC: 500GB/s,Ethernet/Infiniband on switching network,,48,,,Intel(R) Xeon(R) Platinum 8568Y+,2,12 TB SSD,NVMe SSD,H200 TGP 700W,,,,,,1,,Ubuntu 22.04.4,,"TensorRT 10.2.0, CUDA 12.4, cuDNN 8.9.7, Driver 550.54",,,,available,Lenovo,,"ThinkSystem SR680a V3 (8x H200-SXM-141GB, TensorRT)",datacenter,N/A,Lenovo_8xH200_TRT,,,,,
65,,N/A,N/a,,48 GB,GDDR6,NVIDIA L40S,,3,,Air-cooled,,,closed,,"TensorRT 10.2.0, CUDA 12.5",512 GB,16x 32GB M321R4GA3BB6-CQKDS,1,Gig Ethernet,N/A,,32,,,Intel(R) Xeon(R) Gold 6438N,2,2 TB SSD,NVMe SSD,,,,,,,1,,Ubuntu 22.04.4,,"TensorRT 10.2.0, CUDA 12.5, cuDNN 8.9.7, Driver 555.42",,,,available,Lenovo,,"ThinkSystem SR650 V3 (3x NVIDIA L40S, TensorRT)",datacenter,N/A,SR650_V3_3xL40S_TRT,,,,,
66,,PCIe Gen4 x16,"18x 4th Gen NVLink, 600GB/s",,94 GB,HBM3,NVIDIA H100-NVL-94GB,,8,,Air-cooled,NVMe,SSD,closed,,"TensorRT 10.2.0, CUDA 12.5",3 TB,24x 128GB HMCT04MEERA131N,4,Gig Ethernet,N/A,,84,,,AMD EPYC 9634 84-Core Processor,2,10 TB SSD,NVMe SSD,,,,,,,1,,Ubuntu 22.04.4,,"TensorRT 10.2.0, CUDA 12.5, cuDNN 8.9.7, Driver 555.42",,,,available,Lenovo,,"ThinkSystem SR675 V3 (8x H100-NVL-94GB, TensorRT)",datacenter,N/A,SR675_V3_8xH100_NVL_TRT,,,,,
67,,PCIe Gen4 x16,N/A,,48 GB,GDDR6,NVIDIA L40S,,8,,air,,,closed,,vLLM 0.5.2,1.5T,undefined,1,Gig Ethernet,N/A,"L1d cache: 1.3 MiB (40 instances), L1i cache: 1.3 MiB (40 instances), L2 cache: 40 MiB (40 instances), L3 cache: 160 MiB (5 instances)",4,undefined,,AMD EPYC 9254 24-Core Processor,2,6.3T,SSD,,,,,,,1,,Ubuntu 22.04 (linux-5.15.0-94-generic-glibc2.35),,"Python: 3.10.12, LLVM-15.0.6",,,,available,NeuralMagic,Automated by MLCommons CM v2.3.3. ,"Crusoe Cloud L40S (8x L40S PCIe, vLLM, FP8)",datacenter,,vLLM_8xL40S-reference-cpu-pytorch-v2,,,,,
68,,PCIe Gen5 x16,N/A,,180 GB,HBM3e,NVIDIA B200-SXM-180GB,,1,,Air-cooled,NVMe,SSD,closed,,"TensorRT 10.1.0, CUDA 12.7",408GB,6x 64GB MTC40F2046S1RC48BA1,2x 10Gbe,Gig Ethernet,Ethernet on switching network,,12,,,Intel(R) Xeon(R) Silver 4410Y,1,"2 TB SSD, 5 TB CIFS","NVMe SSD, CIFS mounted disk storage",B200 TGP 1000W,,,,,,1,,Ubuntu 22.04.4,,"TensorRT 10.1.0, CUDA 12.7, cuDNN 8.9.7, Driver 565",,,,preview,NVIDIA,Private git hash for code and TRTLLM were used to generate the preview results. The git hash are eba031f9e2e6cf3d1cdce0549511d27adf01a3f4 and 4e5b175cc80320789ba6846ced80a87f25e70fb2,"NVIDIA B200 (1x B200-SXM-180GB, TensorRT)",datacenter,N/A,B200-SXM-180GBx1_TRT,,,,,
69,,PCIe Gen5 x16,"18x 4th Gen NVLink, 900GB/s",,80 GB,HBM3,NVIDIA H100-SXM-80GB,,8,,Air-cooled,NVMe,SSD,closed,,"TensorRT 10.2.0, CUDA 12.4",2 TB,32x 64GB MTC40F2046S1RC48BA1,10x 400Gbe Infiniband,Infiniband; Data bandwidth for GPU-PCIe: 504GB/s; PCIe-NIC: 500GB/s,Ethernet/Infiniband on switching network,,56,,,Intel(R) Xeon(R) Platinum 8480C,2,"2 TB SSD, 5 TB CIFS","NVMe SSD, CIFS mounted disk storage",,,,,,,1,,Ubuntu 22.04.4,,"TensorRT 10.2.0, CUDA 12.4, cuDNN 8.9.7, Driver 550.54",,,,available,NVIDIA,,"NVIDIA DGX H100 (8x H100-SXM-80GB, TensorRT)",datacenter,N/A,DGX-H100_H100-SXM-80GBx8_TRT,,,,,
70,,NVLink-C2C,1x 400Gbe Infiniband,,144 GB,HBM3e,NVIDIA GH200 Grace Hopper Superchip 144GB,,1,,Air-cooled,NVMe,SSD,closed,,"TensorRT 10.2.0, CUDA 12.4",480 GB,15x 16DP (32GB) LPDDR5x,1x Mellanox MT2894 [ConnectX-6 Lx],Ethernet(IPoIB); Data bandwidth for GPU-NIC is 252.06 GB/s,Ethernet(IPoIB)/Infiniband on switching network,,72,,,NVIDIA Grace CPU,1,"2 TB SSD, 5 TB CIFS","NVMe SSD, CIFS mounted disk storage",NVIDIA GH200 144GB HBM3e,,,,,,1,,Ubuntu 22.04.2,,"TensorRT 10.2.0, CUDA 12.4, cuDNN 8.9.7, Driver 560.30",,,,available,NVIDIA,,"NVIDIA GH200 NVL2 Platform (1x GH200-144GB_aarch64, TensorRT)",datacenter,N/A,GH200-GraceHopper-Superchip_GH200-144GB_aarch64x1_TRT,,,,,
71,,NVLink-C2C,1x 400Gbe Infiniband,,144 GB,HBM3e,NVIDIA GH200 Grace Hopper Superchip 144GB,,2,,Air-cooled,NVMe,SSD,closed,,"TensorRT 10.2.0, CUDA 12.4",960 GB,15x 16DP (32GB) LPDDR5x,1x Mellanox MT2894 [ConnectX-6 Lx],Ethernet(IPoIB); Data bandwidth for GPU-NIC is 252.06 GB/s,Ethernet(IPoIB)/Infiniband on switching network,,144,,,NVIDIA Grace CPU,2,"2 TB SSD, 5 TB CIFS","NVMe SSD, CIFS mounted disk storage",NVIDIA GH200 144GB HBM3e,,,,,,1,,Ubuntu 22.04.2,,"TensorRT 10.2.0, CUDA 12.4, cuDNN 8.9.7, Driver 560.30",,,,available,NVIDIA,,"NVIDIA GH200 NVL2 Platform (2x GH200-144GB_aarch64, TensorRT)",datacenter,N/A,GH200-GraceHopper-Superchip_GH200-144GB_aarch64x2_TRT,,,,,
72,,PCIe Gen5 x16,"18x 4th Gen NVLink, 900GB/s",,141 GB,HBM3e,NVIDIA H200-SXM-141GB-CTS,,1,,Air/liquid cooling,NVMe,SSD,closed,,"TensorRT 10.2.0, CUDA 12.4",2 TB,32x 64GB MTC40F2046S1RC48BA12,10x 400Gbe Infiniband,Infiniband;  Data bandwidth for GPU-PCIe: 504GB/s; PCIe-NIC: 500GB/s,Ethernet/Infiniband on switching network,,56,,,Intel(R) Xeon(R) Platinum 8480C,2,"2 TB SSD, 5 TB CIFS","NVMe SSD, CIFS mounted disk storage",H200 TGP 1000W,,,,,,1,,Ubuntu 22.04.4,,"TensorRT 10.2.0, CUDA 12.4, cuDNN 8.9.7, Driver 550.54",,,,available,NVIDIA,,"NVIDIA H200 (1x H200-SXM-141GB-CTS, TensorRT)",datacenter,N/A,H200-SXM-141GB-CTSx1_TRT,,,,,
73,,PCIe Gen5 x16,"18x 4th Gen NVLink, 900GB/s",,141 GB,HBM3e,NVIDIA H200-SXM-141GB-CTS,,8,,Air/liquid cooling,NVMe,SSD,closed,,"TensorRT 10.2.0, CUDA 12.4",2 TB,32x 64GB MTC40F2046S1RC48BA12,10x 400Gbe Infiniband,Infiniband;  Data bandwidth for GPU-PCIe: 504GB/s; PCIe-NIC: 500GB/s,Ethernet/Infiniband on switching network,,56,,,Intel(R) Xeon(R) Platinum 8480C,2,"2 TB SSD, 5 TB CIFS","NVMe SSD, CIFS mounted disk storage",H200 TGP 1000W,,,,,,1,,Ubuntu 22.04.4,,"TensorRT 10.2.0, CUDA 12.4, cuDNN 8.9.7, Driver 550.54",,,,available,NVIDIA,,"NVIDIA H200 (8x H200-SXM-141GB-CTS, TensorRT)",datacenter,N/A,H200-SXM-141GB-CTSx8_TRT,,,,,
74,,PCIe Gen5 x16,"18x 4th Gen NVLink, 900GB/s",,141 GB,HBM3,NVIDIA H200-SXM-141GB,,1,,Air-cooled,NVMe,SSD,closed,,"TensorRT 10.2.0, CUDA 12.4",2 TB,32x 64GB MTC40F2046S1RC48BA1,10x 400Gbe Infiniband,Infiniband;  Data bandwidth for GPU-PCIe: 504GB/s; PCIe-NIC: 500GB/s,Ethernet/Infiniband on switching network,,56,,,Intel(R) Xeon(R) Platinum 8480C,2,"2 TB SSD, 5 TB CIFS","NVMe SSD, CIFS mounted disk storage",H200 TGP 700W,,,,,,1,,Ubuntu 22.04.4,,"TensorRT 10.2.0, CUDA 12.4, cuDNN 8.9.7, Driver 550.54",,,,available,NVIDIA,,"NVIDIA H200 (1x H200-SXM-141GB, TensorRT)",datacenter,N/A,H200-SXM-141GBx1_TRT,,,,,
75,,PCIe Gen5 x16,"18x 4th Gen NVLink, 900GB/s",,141 GB,HBM3e,NVIDIA H200-SXM-141GB,,8,,Air-cooled,NVMe,SSD,closed,,"TensorRT 10.2.0, CUDA 12.4",2 TB,32x 64GB MTC40F2046S1RC48BA1,10x 400Gbe Infiniband,Infiniband;  Data bandwidth for GPU-PCIe: 504GB/s; PCIe-NIC: 500GB/s,Ethernet/Infiniband on switching network,,56,,,Intel(R) Xeon(R) Platinum 8480C,2,"2 TB SSD, 5 TB CIFS","NVMe SSD, CIFS mounted disk storage",H200 TGP 700W,,,,,,1,,Ubuntu 22.04.4,,"TensorRT 10.2.0, CUDA 12.4, cuDNN 8.9.7, Driver 550.54",,,,available,NVIDIA,,"NVIDIA H200 (8x H200-SXM-141GB, TensorRT)",datacenter,N/A,H200-SXM-141GBx8_TRT,,,,,
76,,PCIe Gen5 x16,"18x 4th Gen NVLink, 900GB/s",,141 GB,HBM3e,NVIDIA H200-SXM-141GB,,8,,Air-cooled,NVMe,SSD,closed,,"TensorRT 10.2.0, CUDA 12.4",2 TB,32x 64GB MTC40F2046S1RC48BA1,10x 400Gbe Infiniband,Infiniband;  Data bandwidth for GPU-PCIe: 504GB/s; PCIe-NIC: 500GB/s,Ethernet/Infiniband on switching network,,56,,,Intel(R) Xeon(R) Platinum 8480C,2,"2 TB SSD, 5 TB CIFS","NVMe SSD, CIFS mounted disk storage",H200 TGP 700W,,,,,,1,,Ubuntu 22.04.4,,"TensorRT 10.2.0, CUDA 12.4, cuDNN 8.9.7, Driver 550.54",,,,available,NVIDIA,,"NVIDIA H200 (8x H200-SXM-141GB, MaxQ, TensorRT)",datacenter,N/A,H200-SXM-141GBx8_TRT_MaxQ,,,,,
77,,PCIe Gen5 x16,"18x 4th Gen NVLink, 900GB/s",,141 GB,HBM3e,NVIDIA H200-SXM-141GB,,8,,Air-cooled,NVMe,SSD,closed,,"TensorRT 10.2.0, CUDA 12.4",2 TB,32x 64GB MTC40F2046S1RC48BA1,10x 400Gbe Infiniband,Infiniband;  Data bandwidth for GPU-PCIe: 504GB/s; PCIe-NIC: 500GB/s,Ethernet/Infiniband on switching network,,56,,,Intel(R) Xeon(R) Platinum 8480C,2,"2 TB SSD, 5 TB CIFS","NVMe SSD, CIFS mounted disk storage",H200 TGP 700W,,,,,,1,,Ubuntu 22.04.4,,"TensorRT 10.2.0, CUDA 12.4, cuDNN 8.9.7, Driver 550.54, Triton 24.06",,,,available,NVIDIA,,"NVIDIA H200 (8x H200-SXM-141GB, TensorRT, Triton)",datacenter,N/A,H200-SXM-141GBx8_TRT_Triton,,,,,
78,,N/A,N/A,,Shared with host,LPDDR5,NVIDIA Jetson AGX Orin 64G,,1,,Air-cooled,eMMC 5.1,eMMC 5.1,closed,,"Jetpack 6.0, TensorRT 10.1, CUDA 12.2",64 GB,64GB 256-bit LPDDR5,1 Integrated,Gig Ethernet,USB forwarded,,12,,,12-core ARM Cortex-A78AE CPU,1,"64 GB eMMC, 5TB CIFS","eMMC 5.1, CIFS mounted disk storage","GPU and both DLAs are used in resnet50 and Retinanet, in Offline scenario",,,,,,1,,Jetson r36.3.1 L4T,,"Jetpack 6.0, TensorRT 10.1, CUDA 12.2, cuDNN 8.9.4",,Dell USB-C 130.0W Adapter (HA130PM170),130W,available,NVIDIA,,NVIDIA Jetson AGX Orin Developer Kit 64G (TensorRT),edge,N/A,Orin_TRT,,,,,
79,,NVLink-C2C,1x 400Gbe Infiniband,,96 GB,HBM3,NVIDIA GH200 Grace Hopper Superchip 96GB,,1,,Air-cooled,NVMe,"SSD, Block Storage",closed,,"TensorRT 10.2.0, CUDA 12.4",512 GB,16x 16DP (32GB) LPDDR5x,1x 10Gbe Intel Ethernet X550T,Ethernet; Data bandwidth for GPU-NIC is 252.06 GB/s,Ethernet/Infiniband on switching network,,72,,,NVIDIA Grace CPU,1,15 TB Block Volume,"NVMe SSD, Block storage",NVIDIA MGX Reference Platform;,,,,,,1,,Ubuntu 22.04.2,,"TensorRT 10.2.0, CUDA 12.4, cuDNN 8.9.6, Driver 550.90.07, DALI 1.28.0",,,,available,Oracle,,"NVIDIA GH200-GraceHopper-Superchip (1x GH200-96GB_aarch64, TensorRT)",datacenter,N/A,GH200-GraceHopper-Superchip_GH200-96GB_aarch64x1_TRT,,,,,
80,,N/A,N/A,,N/A,N/A,N/A,,N/A,,Air-cooled,,,closed,,PyTorch,1024 GB,DDR5-5600 64GB x16,1x 400Gb InfiniBand,InfiniBand; Data bandwidth for PCIe-NIC: 50GB/s,Ethernet/InfiniBand on switching network,,64,,,Intel(R) Xeon(R) Platinum 8592+,2,512GB + 7TB (3.5TB x 2),NVMe SSD,QuantaGrid D54X-1U,,,,,,1,,Rocky Linux 9.2,,5.14.0-284.11.1.el9_2.x86_64,,,,available,Quanta_Cloud_Technology,,1-node-2S-EMR-PyTorch,datacenter,N/A,1-node-2S-EMR-PyTorch,,,,,
81,,PCIe Gen5 x16,"PCIe Gen5 x16, NVLink 600GB/s",,80 GB,HBM2e,NVIDIA H100-PCIe-80GB,,4,,Air-cooled,,,closed,,"TensorRT 10.2.0.19, CUDA 12.4",1 TB, DDR4-4800 64GB x 16,2x 400Gb InfiniBand,Infiniband; Data bandwidth for GPU-PCIe: 252GB/s; PCIe-NIC: 100GB/s,Ethernet/InfiniBand on switching network,,52,,,Intel(R) Xeon(R) Platinum 8470,2,14 TB,NVMe SSD 3.5TB x 4,QuantaGrid D54U-3U,,,,,,1,,Rocky Linux 9.2,,"CUDA 12.4, cuDNN 8.9.7.29, Driver 550.90.07",,,,available,Quanta_Cloud_Technology,,D54U_3U_H100_PCIe_80GBx4_TRT,datacenter,N/A,D54U_3U_H100_PCIe_80GBx4_TRT,,,,,
82,,PCIe Gen4 x16,PCIe Gen4 x16,,48 GB,GDDR6,NVIDIA L40S,,4,,Air-cooled,,,closed,,"TensorRT 10.2.0.19, CUDA 12.4",1 TB, DDR4-4800 64GB x 16,2x 400Gb InfiniBand,Infiniband; Data bandwidth for GPU-PCIe: 252GB/s; PCIe-NIC: 100GB/s,Ethernet/InfiniBand on switching network,,44,,,Intel(R) Xeon(R) Platinum 8458P,2,28 TB,NVMe SSD 7TB x 4,QuantaGrid D54U-3U,,,,,,1,,Rocky Linux 9.2,,"CUDA 12.4, Driver 550.54.15",,,,available,Quanta_Cloud_Technology,,D54U_3U_L40S_PCIe_48GBx4_TRT,datacenter,N/A,D54U_3U_L40S_PCIe_48GBx4_TRT,,,,,
83,,NVLink-C2C,1x 400Gbe Infiniband,,96 GB,HBM3,NVIDIA GH200 Grace Hopper Superchip 96GB,,1,,Air-cooled,NVMe,SSD,closed,,"TensorRT 10.2.0.19, CUDA 12.4",512 GB,16x 16DP (32GB) LPDDR5x,1x 10Gbe Intel Ethernet X550T,Ethernet; Data bandwidth for GPU-NIC is 252.06 GB/s,Ethernet/Infiniband on switching network,,72,,,NVIDIA Grace CPU,1,14 TB,NVMe SSD 3.5TB x 4,QuantaGrid S74G-2U,,,,,,1,,Rocky Linux 9.3,,"CUDA 12.4, cuDNN 8.9.7.29, Driver 550.54.14",,,,available,Quanta_Cloud_Technology,,GH200-GraceHopper-Superchip_GH200-96GB_aarch64x1_TRT,datacenter,N/A,GH200-GraceHopper-Superchip_GH200-96GB_aarch64x1_TRT,,,,,
84,,PCIe Gen5,PCIe,,48 GB,HBM2,NVIDIA L40S,,4,,NA,,,closed,,CUDA 12.2,2 TB,32x 64GB Micron DDR5,-,Management: 1x Ethernet 10GB/Sec,-,,112,,PCIe,Intel(R) Xeon(R) Platinum 8480CL,2,1.75 TB,NVMe SSD,NVIDIA L40S-48GB,,,,,,1,,Red Hat Enterprise Linux CoreOS release 4.14,,"{'cuda_driver_version': '535.129.03', 'cuda_version': '12.2', 'vllm': '0.5.1'}",,,,available,RedHat,Red Hat OpenShift Container Platform 4.14 + OpenShift AI,L40S-RedHat-OpenShift,datacenter,N/A,L40S-RedHat-OpenShift,-,,,,
85,N/A,N/A,N/A,N/A,N/A,N/A,N/A,N/A,0,,Air,,,closed,,PyTorch,1024GB,8 slots / 64GB each / per socket,2,Ethernet Controller / 10GBASE-T,N/A,N/A,64,N/A,N/A,INTEL(R) XEON(R) PLATINUM 8592+,2,N/A,N/A,QuantaGrid D54Q-2U,,,,,,1,,Rocky Linux 8.10,,5.14.0-427.24.1.el9_4.x86_64,,,,available,supermicro,N/A,1-node-2S-EMR-PyTorch,datacenter,N/A,1-node-2S-EMR-PyTorch,,,,,
86,,PCIe Gen5 x16,"18x 4th Gen NVLink, 900GB/s",,80 GB,HBM3,NVIDIA H100-SXM-80GB,,8,,Liquid-cooled,NVMe,SSD,closed,,"TensorRT 10.2.0, CUDA 12.4",2.3 TB,24x 96GB DDR5 4800MHz,"1x Intel X550T 10GbE, 1x NVIDIA B3220 200GbE/NDR200, 8x NVIDIA ConnectX-7 400GbE/NDR","Ethernet, Infiniband",N/A,,96,,,AMD EPYC 9654,2,"1x 30.72TB, 1x 480GB",NVMe SSD,,,,,,,1,,Ubuntu 22.04.4 LTS,,"TensorRT 10.2.0, CUDA 12.4, cuDNN 8.9.7, Driver 550.54.15",,,,available,Supermicro,,"AS-4125GS-TNHR2-LCC (8x H100-SXM-80GB, TensorRT)",datacenter,N/A,AS_4125GS_TNHR2_LCC_H100_SXM_80GBx8_TRT,,,,,
87,,PCIe Gen5 x16,"18x 4th Gen NVLink, 900GB/s",,80 GB,HBM3,NVIDIA H100-SXM-80GB,,8,,Air-cooled,NVMe,SSD,closed,,"TensorRT 10.2.0, CUDA 12.4",1.5 TB,24x 64GB DDR5 4800MHz,"1x Intel X550T 10GbE, 9x NVIDIA ConnectX-7 400GbE/NDR","Ethernet, Infiniband",N/A,,48,,,AMD EPYC 9474F,2,1x 15.36TB,NVMe SSD,,,,,,,1,,Ubuntu 22.04.4 LTS,,"TensorRT 10.2.0, CUDA 12.4, cuDNN 8.9.7, Driver 550.54.15",,,,available,Supermicro,,"AS-8125GS-TNHR (8x H100-SXM-80GB, TensorRT)",datacenter,N/A,AS_8125GS_TNHR_H100_SXM_80GBx8_TRT,,,,,
88,,NVLink-C2C,1x 400Gbe Infiniband,,96 GB,HBM3e,NVIDIA GH200 Grace Hopper Superchip 96GB,,1,,Air-cooled,NVMe,SSD,closed,,"TensorRT 10.2.0, CUDA 12.4",480 GB,15x 16DP (32GB) LPDDR5x,1x 10Gbe Intel Ethernet X550T,Ethernet; Data bandwidth for GPU-NIC is 252.06 GB/s,Ethernet/Infiniband on switching network,,72,,,NVIDIA Grace CPU,1,8 TB SSD,"NVMe SSD, CIFS mounted disk storage",NVIDIA MGX Reference Platform;,,,,,,1,,Ubuntu 22.04.2,,"TensorRT 10.2.0, CUDA 12.4, cuDNN 9.1.0, Driver 550.54",,,,available,Supermicro,,"NVIDIA GH200-GraceHopper-Superchip (1x GH200-96GB_aarch64, TensorRT)",datacenter,N/A,GH200-GraceHopper-Superchip_GH200-96GB_aarch64x1_TRT,,,,,
89,,PCIe Gen5 x16,"18x 4th Gen NVLink, 900GB/s",,80 GB,HBM3,NVIDIA H100-SXM-80GB,,8,,Liquid-cooled,NVMe,SSD,closed,,"TensorRT 10.2.0, CUDA 12.4",2 TB,32x 64GB DDR5 4800MHz,"8x NVIDIA B3140H 400GbE/NDR, 1x NVIDIA ConnectX-7 400GbE/NDR","Ethernet, Infiniband",N/A,,56,,,Intel(R) Xeon(R) Platinum 8570,2,"1x 30.72TB, 1x 480GB",NVMe SSD,,,,,,,1,,Ubuntu 22.04.4 LTS,,"TensorRT 10.2.0, CUDA 12.4, cuDNN 8.9.7, Driver 550.54.15",,,,available,Supermicro,,"SYS-421GE-TNHR2-LCC (8x H100-SXM-80GB, TensorRT)",datacenter,N/A,SYS_421GE_TNHR2_LCC_H100_SXM_80GBx8_TRT,,,,,
90,,PCIe Gen5 x16,"18x 4th Gen NVLink, 900GB/s",,80 GB,HBM3,NVIDIA H100-SXM-80GB,,8,,Air-cooled,NVMe,SSD,closed,,"TensorRT 10.2.0, CUDA 12.4",2 TB,32x 64GB DDR5 4800MHz,"1x Intel X550T 10GbE, 8x NVIDIA ConnectX-7 400GbE/NDR","Ethernet, Infiniband",N/A,,48,,,Intel(R) Xeon(R) Platinum 8468,2,"2x 3.84TB, 1x 960GB",NVMe SSD,,,,,,,1,,Ubuntu 22.04.4 LTS,,"TensorRT 10.2.0, CUDA 12.4, cuDNN 8.9.7, Driver 550.54.15",,,,available,Supermicro,,"SYS-821GE-TNHR (8x H100-SXM-80GB, TensorRT)",datacenter,N/A,SYS_821GE_TNHR_H100_SXM_80GBx8_TRT,,,,,
91,,Infiniband NDR,NVLINK Gen4 900 GB/s + NVSWITCH Gen3,NVLINK + NVSWITCH,81559 MiB,HBM3,NVIDIA H100-SXM-80GB,80 GB,8,,SMC IMMERSION COOLING TECHNOLOGY,NVMe,SSD,closed,,"TensorRT 10.2.0, CUDA 12.4",2 TB,32x 64GB DDR5,10x 400Gbe Infiniband,Infiniband; Data bandwidth for GPU-PCIe: 504GB/s; PCIe-NIC: 500GB/s,Ethernet/Infiniband on switching network,,32,,,Intel(R) Xeon(R) Platinum 8462Y+,2,2x 1.92TB NVMe SSD + 8x 3.84TB NVMe U.2,NVMe SSD,,,,,,,1,,Ubuntu 22.04.4,,"TensorRT 10.2.0, CUDA 12.4, cuDNN 8.9.7, Driver 550.54",,SMC TECHNOLOGY,SMC TECHNOLOGY,available,Sustainable_Metal_Cloud,,"SMC H100 (8x H100-SXM-80GB, TensorRT)",datacenter,N/A,SMC_H100_SXM_80GBX8_TRT,,,,,
92,,PCIe Gen5 16x (32 GT/s),N/A,N/A,disabled,LPDDR5 64x,UntetherAI speedAI240 Preview,238 MB SRAM,1,,air,,,closed,,UntetherAI imAIgine SDK v24.07.19,64 GB,4x 16 GB DDR5 (Samsung M321R2GA3PB0-CWMXJ 4800 MT/s),1,integrated,1GbE,L1d cache: 512 KiB (16 instances); L1i cache: 512 KiB (16 instances); L2 cache: 16 MiB (16 instances); L3 cache: 64 MiB (4 instances),16,1500 MHz (min); 3000 MHz (base); 3700 MHz (boost),N/A,AMD EPYC 9124 16-Core Processor,1,931.5 GB,Sabrent Rocket Q NVMe,,,,,,,1,,Ubuntu 22.04.4 LTS (Linux kernel 6.5.0-44-generic #44~22.04.1-Ubuntu SMP PREEMPT_DYNAMIC Tue Jun 18 14:36:16 UTC 2 x86_64 x86_64 x86_64 GNU/Linux),,"{'KILT': 'mlperf_4.1', 'Docker': '27.1.0, build 6312585', 'Python': '3.10.12'}",,,,preview,UntetherAI,Powered by the KRAI X and KILT technologies,Supermicro SuperServer H13 (1x speedAI240 Preview),edge,workstation,h13_u1_preview,,https://www.amd.com/en/products/processors/server/epyc/4th-generation-9004-and-8004-series/amd-epyc-9124.html,,,
93,,PCIe Gen5 16x (32 GT/s),N/A,N/A,disabled,LPDDR5 64x,UntetherAI speedAI240 Preview,238 MB SRAM,1,,air,,,closed,,UntetherAI imAIgine SDK v24.07.19,64 GB,4x 16 GB DDR5 (Samsung M321R2GA3PB0-CWMXJ 4800 MT/s),1,integrated,1GbE,L1d cache: 512 KiB (16 instances); L1i cache: 512 KiB (16 instances); L2 cache: 16 MiB (16 instances); L3 cache: 64 MiB (4 instances),16,1500 MHz (min); 3000 MHz (base); 3700 MHz (boost),N/A,AMD EPYC 9124 16-Core Processor,1,931.5 GB,Sabrent Rocket Q NVMe,,,,,,,1,,Ubuntu 22.04.4 LTS (Linux kernel 6.5.0-44-generic #44~22.04.1-Ubuntu SMP PREEMPT_DYNAMIC Tue Jun 18 14:36:16 UTC 2 x86_64 x86_64 x86_64 GNU/Linux),,"{'KILT': 'mlperf_4.1', 'Docker': '27.1.0, build 6312585', 'Python': '3.10.12'}",,,,preview,UntetherAI,Powered by the KRAI X and KILT technologies,Supermicro SuperServer H13 (1x speedAI240 Preview),datacenter,workstation,h13_u1_preview_dc,,https://www.amd.com/en/products/processors/server/epyc/4th-generation-9004-and-8004-series/amd-epyc-9124.html,,,
94,,PCIe Gen5 16x (32 GT/s),N/A,N/A,disabled,LPDDR5 64x,UntetherAI speedAI240 Slim,238 MB SRAM,1,,air,,,closed,,UntetherAI imAIgine SDK v24.07.19,64 GB,4x 16 GB DDR5 (Samsung M321R2GA3PB0-CWMXJ 4800 MT/s),1,integrated,1GbE,L1d cache: 512 KiB (16 instances); L1i cache: 512 KiB (16 instances); L2 cache: 16 MiB (16 instances); L3 cache: 64 MiB (4 instances),16,1500 MHz (min); 3000 MHz (base); 3700 MHz (boost),N/A,AMD EPYC 9124 16-Core Processor,1,931.5 GB,Sabrent Rocket Q NVMe,SKU: sai240L-F-A-ES,,,,,,1,,Ubuntu 22.04.4 LTS (Linux kernel 6.5.0-44-generic #44~22.04.1-Ubuntu SMP PREEMPT_DYNAMIC Tue Jun 18 14:36:16 UTC 2 x86_64 x86_64 x86_64 GNU/Linux),,"{'KILT': 'mlperf_4.1', 'Docker': '27.1.0, build 6312585', 'Python': '3.10.12'}",,,,available,UntetherAI,Powered by the KRAI X and KILT technologies,Supermicro SuperServer H13 (1x speedAI240 Slim),edge,workstation,h13_u1_slim,,https://www.amd.com/en/products/processors/server/epyc/4th-generation-9004-and-8004-series/amd-epyc-9124.html,,,
95,,PCIe Gen5 16x (32 GT/s),N/A,N/A,disabled,LPDDR5 64x,UntetherAI speedAI240 Preview,238 MB SRAM,2,,air,,,closed,,UntetherAI imAIgine SDK v24.07.19,64 GB,4x 16 GB DDR5 (Samsung M321R2GA3PB0-CWMXJ 4800 MT/s),1,integrated,1GbE,L1d cache: 512 KiB (16 instances); L1i cache: 512 KiB (16 instances); L2 cache: 16 MiB (16 instances); L3 cache: 64 MiB (4 instances),16,1500 MHz (min); 3000 MHz (base); 3700 MHz (boost),N/A,AMD EPYC 9124 16-Core Processor,1,931.5 GB,Sabrent Rocket Q NVMe,,,,,,,1,,Ubuntu 22.04.4 LTS (Linux kernel 6.5.0-44-generic #44~22.04.1-Ubuntu SMP PREEMPT_DYNAMIC Tue Jun 18 14:36:16 UTC 2 x86_64 x86_64 x86_64 GNU/Linux),,"{'KILT': 'mlperf_4.1', 'Docker': '27.1.0, build 6312585', 'Python': '3.10.12'}",,,,preview,UntetherAI,Powered by the KRAI X and KILT technologies,Supermicro SuperServer H13 (2x speedAI240 Preview),edge,workstation,h13_u2_preview,,https://www.amd.com/en/products/processors/server/epyc/4th-generation-9004-and-8004-series/amd-epyc-9124.html,,,
96,,PCIe Gen5 16x (32 GT/s),N/A,N/A,disabled,LPDDR5 64x,UntetherAI speedAI240 Preview,238 MB SRAM,2,,air,,,closed,,UntetherAI imAIgine SDK v24.07.19,64 GB,4x 16 GB DDR5 (Samsung M321R2GA3PB0-CWMXJ 4800 MT/s),1,integrated,1GbE,L1d cache: 512 KiB (16 instances); L1i cache: 512 KiB (16 instances); L2 cache: 16 MiB (16 instances); L3 cache: 64 MiB (4 instances),16,1500 MHz (min); 3000 MHz (base); 3700 MHz (boost),N/A,AMD EPYC 9124 16-Core Processor,1,931.5 GB,Sabrent Rocket Q NVMe,,,,,,,1,,Ubuntu 22.04.4 LTS (Linux kernel 6.5.0-44-generic #44~22.04.1-Ubuntu SMP PREEMPT_DYNAMIC Tue Jun 18 14:36:16 UTC 2 x86_64 x86_64 x86_64 GNU/Linux),,"{'KILT': 'mlperf_4.1', 'Docker': '27.1.0, build 6312585', 'Python': '3.10.12'}",,,,preview,UntetherAI,Powered by the KRAI X and KILT technologies,Supermicro SuperServer H13 (2x speedAI240 Preview),datacenter,workstation,h13_u2_preview_dc,,https://www.amd.com/en/products/processors/server/epyc/4th-generation-9004-and-8004-series/amd-epyc-9124.html,,,
97,,PCIe Gen5 16x (32 GT/s),N/A,N/A,disabled,LPDDR5 64x,UntetherAI speedAI240 Slim,238 MB SRAM,3,,air,,,closed,,UntetherAI imAIgine SDK v24.07.19,64 GB,4x 16 GB DDR5 (Samsung M321R2GA3PB0-CWMXJ 4800 MT/s),1,integrated,1GbE,L1d cache: 512 KiB (16 instances); L1i cache: 512 KiB (16 instances); L2 cache: 16 MiB (16 instances); L3 cache: 64 MiB (4 instances),16,1500 MHz (min); 3000 MHz (base); 3700 MHz (boost),N/A,AMD EPYC 9124 16-Core Processor,1,931.5 GB,Sabrent Rocket Q NVMe,SKU: sai240L-F-A-ES,,,,,,1,,Ubuntu 22.04.4 LTS (Linux kernel 6.5.0-44-generic #44~22.04.1-Ubuntu SMP PREEMPT_DYNAMIC Tue Jun 18 14:36:16 UTC 2 x86_64 x86_64 x86_64 GNU/Linux),,"{'KILT': 'mlperf_4.1', 'Docker': '27.1.0, build 6312585', 'Python': '3.10.12'}",,,,available,UntetherAI,Powered by the KRAI X and KILT technologies,Supermicro SuperServer H13 (3x speedAI240 Slim),edge,workstation,h13_u3_slim,,https://www.amd.com/en/products/processors/server/epyc/4th-generation-9004-and-8004-series/amd-epyc-9124.html,,,
98,,PCIe Gen 5 16x (32 GT/s),N/A,N/A,disabled,LPDDR5 64x,UntetherAI speedAI240 Slim,238 MB SRAM,4,,air,,,closed,,UntetherAI imAIgine SDK v24.07.19,256 GB,16x 16 GB DDR5 (Samsung M321R2GA3BB6-CQKDS 4800 MT/s),2,embedded; integrated,Broadcom NetXtreme 1GbE (BCM5720); Broadcom Adv. Dual 25GbE,L1d cache: 3 MiB (64 instances); L1i cache: 2 MiB (64 instances); L2 cache: 128 MiB (64 instances); L3 cache: 120 MiB (2 instances),32,800 MHz (min); 2100 MHz (base); 4100 MHz (boost),,Intel(R) Xeon(R) Gold 6448Y,2,480 GB (BOSS-N1); 3.8 TB (2x RAID),Dell NVMe ISE PE8010 RI M.2; Dell Ent NVMe P5520 RI,SKU: sai240L-F-A-ES,,,,,,1,,Ubuntu 22.04.4 LTS (Linux kernel 6.5.0-44-generic #44~22.04.1-Ubuntu SMP PREEMPT_DYNAMIC Tue Jun 18 14:36:16 UTC 2 x86_64 x86_64 x86_64 GNU/Linux),,"{'KILT': 'mlperf_4.1', 'Docker': '27.1.0, build 6312585', 'Python': '3.10.12'}",,,,available,UntetherAI,Powered by the KRAI X and KILT technologies,Dell PowerEdge R760xa (4x speedAI240 Slim),edge,2U rack server,r760_u4_slim,,https://www.intel.com/content/www/us/en/products/sku/232384/intel-xeon-gold-6448y-processor-60m-cache-2-10-ghz/specifications.html,,,
99,,PCIe Gen 5 16x (32 GT/s),N/A,N/A,disabled,LPDDR5 64x,UntetherAI speedAI240 Slim,238 MB SRAM,6,,air,,,closed,,UntetherAI imAIgine SDK v24.07.19,256 GB,16x 16 GB DDR5 (Samsung M321R2GA3BB6-CQKDS 4800 MT/s),2,embedded; integrated,Broadcom NetXtreme 1GbE (BCM5720); Broadcom Adv. Dual 25GbE,L1d cache: 3 MiB (64 instances); L1i cache: 2 MiB (64 instances); L2 cache: 128 MiB (64 instances); L3 cache: 120 MiB (2 instances),32,800 MHz (min); 2100 MHz (base); 4100 MHz (boost),,Intel(R) Xeon(R) Gold 6448Y,2,480 GB (BOSS-N1); 3.8 TB (2x RAID),Dell NVMe ISE PE8010 RI M.2; Dell Ent NVMe P5520 RI,,,,,,,1,,Ubuntu 22.04.4 LTS (Linux kernel 6.5.0-44-generic #44~22.04.1-Ubuntu SMP PREEMPT_DYNAMIC Tue Jun 18 14:36:16 UTC 2 x86_64 x86_64 x86_64 GNU/Linux),,"{'KILT': 'mlperf_4.1', 'Docker': '27.1.0, build 6312585', 'Python': '3.10.12'}",,,,available,UntetherAI,Powered by the KRAI X and KILT technologies,Dell PowerEdge R760xa (6x speedAI240 Slim),datacenter,2U rack server,r760_u6_slim,,https://www.intel.com/content/www/us/en/products/sku/232384/intel-xeon-gold-6448y-processor-60m-cache-2-10-ghz/specifications.html,,,
100,1590.000000 MHz,N/A,N/A,,14.56805419921875 GB,N/A,Tesla T4,,1,,air,,,open,,TensorRT,63G,undefined,1,Gig Ethernet,N/A,"L1d cache: 256 KiB, L1i cache: 256 KiB, L2 cache: 8 MiB, L3 cache: 35.8 MiB",8,undefined,,Intel(R) Xeon(R) Platinum 8259CL CPU @ 2.50GHz,1,769G,SSD,,,,,,,1,,Ubuntu 20.04 (linux-6.5.0-1023-aws-glibc2.31),,"Python: 3.8.10, GCC-9.4.0",,,,available,CTuning,"cTuning.org/ae: Collective Mind demo for our reproducibility initiatives and artifact evaluation at ACM, IEEE and MLCommons ; automated by MLCommons CM v2.3.4 ; taken by Grigori Fursin",aws-g4dn-4xlarge,datacenter,edge server,cm-demo-gfursin-aws-g4dn,,,,,
101,2040.000000 MHz,N/A,N/A,,21.95147705078125 GB,N/A,NVIDIA L4,,1,,air,,,open,,pytorch v2.3.1,48G,undefined,1,Gig Ethernet,N/A,"L1d cache: 512 KiB (8 instances), L1i cache: 512 KiB (8 instances), L2 cache: 4 MiB (8 instances), L3 cache: 128 MiB (8 instances)",8,undefined,,AMD EPYC 7413 24-Core Processor,1,304G,SSD,,,,,,,1,,Ubuntu 22.04 (linux-5.15.0-116-generic-glibc2.35),,"Python: 3.10.12, LLVM-15.0.6",,,,available,CTuning,"cTuning.org/ae: Collective Mind demo for our reproducibility initiatives and artifact evaluation at ACM, IEEE and MLCommons ; automated by MLCommons CM v2.3.4 ; taken by Grigori Fursin",scaleway-L4-1-24G,datacenter,edge server,cm-demo-gfursin-scaleway-L4-1-24G-reference-gpu-pytorch-v2,,,,,
102,,N/A,"8x 4th Gen NVLink, 900GB/s",,80 GB,HBM3,NVIDIA H100-SXM-80GB,,8,,Air-cooled,,,open,,"TensorRT 10.2.0, CUDA 12.4",2048GB,32x 64GB MTC40F2046S1RC48BA1,10x 400Gbe Infiniband,Infiniband,N/A,"L1d: 4.5 MiB (96 instances), L1i: 3 MiB (96 instances), L2: 192 MiB (96 instances), L3: 210 MiB (2 instances)",48,3.8GHz,,Intel(R) Xeon(R) Platinum 8468,2,"2TB SSD, 673TB HPE ClusterStor","NVMe SSD, CIFS mounted disk storage",,,,,,,1,,22.04.4 LTS,,"TensorRT 10.2.0, CUDA 12.4, cuDNN 8.9.7, Driver 555.42.06",,,,available,HPE,,"HPE Cray XD670 (8x H100-SXM-80GB, TensorRT)",datacenter,N/A,HPE_Cray_XD670_H100_SXM_80GBx8_TRT,,,,,
103,,N/A,"4x 4th Gen NVLink, 900GB/s",,94 GB,HBM3,NVIDIA H100-NVL-94GB,,4,,Air-cooled,,,open,,"TensorRT 10.2.0, CUDA 12.4",1024GB,16x 64GB,7-slots of 2-port 200G Infiniband (Max 2800GB HDR) or 2-port 100G Ethernet (Max 1400GbE),8x 400Gbe Infiniband,N/A,"L1d: 3 MiB, L1i: 2 MiB, L2: 128 MiB (64 instances), L3: 320 MiB (2 instances)",32,"2.1GHz, Max Turbo=4.0GHz",,INTEL(R) XEON(R) GOLD 6530,2,"1.8T SSD, 34 TB CIFS","NVMe SSD, NFS mounted disk storage",,,,,,,1,,Ubuntu 22.04.4 LTS,,"TensorRT 10.2.0, CUDA 12.4, cuDNN 8.9.7, Driver 535.183.01",,,4x 3200W,available,HPE,,"HPE ProLiant DL380a Gen11 (4x H100-NVL-94GB, TensorRT)",datacenter,N/A,HPE_ProLiant_DL380a_H100_NVL_94GBx4_TRT,,,,,
104,,PCIe Gen5 Switch,N/A,,48 GB,HBM2e,NVIDIA L40S,,4,,Air-cooled,,,open,,"TensorRT 9.0.0, CUDA 12.4",1024GB,16x 64GB 36ASF8G72PZ-3G2E1,7-slots of 2-port 200G Infiniband (Max 2800GB HDR) or 2-port 100G Ethernet (Max 1400GbE),1Gbe,N/A,,60,,,Intel(R) Xeon(R) Platinum 8580,2,6 TB,NVMe SSD,,,,,,,1,,Ubuntu 22.04.3,,"TensorRT 9.3.0, CUDA 12.4, Driver 535.183.01",,,,available,HPE,,"HPE ProLiant DL380a Gen11 (4x L40S-PCIe-48GB, TensorRT)",datacenter,N/A,HPE_ProLiant_DL380a_L40S_PCIe_48GBx4_TRT,,,,,
105,N/A,N/A,N/A,N/A,N/A,N/A,N/A,N/A,0,,air,,,open,,KRAI Inference Library Technology (KILT) with ONNX Runtime support,96 GB,6x 16 GB,1,Ethernet,Integrated,L1d cache: 768 KiB (24 instances); L1i cache: 768 KiB (24 instances); L2 cache: 24 MiB (24 instances); L3 cache: 35.8 MiB (1 instance),24,1000 MHz (min); 2400 MHz (base); 4000 MHz (boost),,Intel(R) Xeon(R) Gold 6240R CPU @ 2.40GHz,1,256 GB; 2 TB; 4 TB,M.2 PCIe NVMe SSD (Micron 2300); M.2 PCIe 4.0 NVMe SSD (Samsung 990 PRO); SATA HDD (Seagate EXOS ST4000NM016A-2HZ130),,,,,,,1,,Ubuntu 22.04.4 LTS (Linux kernel 5.15.0-76-generic #83-Ubuntu SMP Thu Jun 15 19:16:32 UTC 2023 x86_64 x86_64 x86_64 GNU/Linux),,ONNX Runtime v1.18.1; Python v3.9.19; GCC v11.4.0,,,,available,Krai,Powered by the KRAI X and KILT technologies,Dell Precision 7920 Tower,edge,workstation,7920t-kilt-onnxruntime_cpu,,https://www.intel.com/content/www/us/en/products/sku/199343/intel-xeon-gold-6240r-processor-35-75m-cache-2-40-ghz/specifications.html,,,
106,1170 MHz (base); 1695 MHz (turbo),PCIe Gen 4,NVIDIA NVLink,,24 GB,1x 24 GB,NVIDIA RTX A5000 GPU,,1,,air,,,open,,KRAI Inference Library Technology (KILT) with ONNX Runtime support,96 GB,6x 16 GB,1,Ethernet,Integrated,L1d cache: 768 KiB (24 instances); L1i cache: 768 KiB (24 instances); L2 cache: 24 MiB (24 instances); L3 cache: 35.8 MiB (1 instance),24,1000 MHz (min); 2400 MHz (base); 4000 MHz (boost),,Intel(R) Xeon(R) Gold 6240R CPU @ 2.40GHz,1,256 GB; 2 TB; 4 TB,M.2 PCIe NVMe SSD (Micron 2300); M.2 PCIe 4.0 NVMe SSD (Samsung 990 PRO); SATA HDD (Seagate EXOS ST4000NM016A-2HZ130),,,,,,,1,,Ubuntu 22.04.4 LTS (Linux kernel 5.15.0-76-generic #83-Ubuntu SMP Thu Jun 15 19:16:32 UTC 2023 x86_64 x86_64 x86_64 GNU/Linux),,CUDA v12.5; ONNX Runtime v1.18.1; Python v3.9.19; GCC v11.4.0,,,,available,Krai,Powered by the KRAI X and KILT technologies,Dell Precision 7920 Tower (1x NVIDIA RTX A5000 GPU),edge,workstation,7920t-kilt-onnxruntime_gpu,,https://www.intel.com/content/www/us/en/products/sku/199343/intel-xeon-gold-6240r-processor-35-75m-cache-2-40-ghz/specifications.html,,,
107,,PCIe Gen5 x16,"18x 4th Gen NVLink, 900GB/s",,80 GB,HBM3,NVIDIA H100-SXM-80GB,,4,,air,,,open,,vLLM 0.5.2,2.1T,undefined,1,Gig Ethernet,N/A,"L1d cache: 3 MiB (64 instances), L1i cache: 2 MiB (64 instances), L2 cache: 128 MiB (64 instances), L3 cache: 120 MiB (2 instances)",32,4100.0000,,Intel(R) Xeon(R) Platinum 8462Y+,2,15T,SSD,,,,,,,1,,Ubuntu 22.04 (linux-6.5.0-35-generic-glibc2.35),,"Python: 3.10.12, LLVM-15.0.6",,,,available,NeuralMagic,Automated by MLCommons CM v2.3.4. ,"SYS-821GE-TNHR H100 'beaker' (4x H100-SXM-80GB, vLLM, FP8)",datacenter,,4xH100-SXM-80GB_vLLM_FP8-reference-cpu-pytorch-v2,,,,,
108,,PCIe Gen5 x16,"18x 4th Gen NVLink, 900GB/s",,80 GB,HBM3,NVIDIA H100-SXM-80GB,,4,,air,,,open,,vLLM 0.5.2,2.1T,undefined,1,Gig Ethernet,N/A,"L1d cache: 3 MiB (64 instances), L1i cache: 2 MiB (64 instances), L2 cache: 128 MiB (64 instances), L3 cache: 120 MiB (2 instances)",32,4100.0000,,Intel(R) Xeon(R) Platinum 8462Y+,2,15T,SSD,,,,,,,1,,Ubuntu 22.04 (linux-6.5.0-35-generic-glibc2.35),,"Python: 3.10.12, LLVM-15.0.6",,,,available,NeuralMagic,Automated by MLCommons CM v2.3.4. ,"SYS-821GE-TNHR H100 'beaker' (4x H100-SXM-80GB, vLLM, GPTQ)",datacenter,,4xH100-SXM-80GB_vLLM_GPTQ-reference-cpu-pytorch-v2,,,,,
109,,N/A,N/A,,N/A,N/A,N/A,,0,,air,,,open,,deepsparse v1.8.0,19G,undefined,1,Gig Ethernet,N/A,"L1d cache: 192 KiB (6 instances), L1i cache: 192 KiB (6 instances), L2 cache: 3 MiB (6 instances), L3 cache: 8 MiB (2 instances)",6,4056.0000,,AMD Ryzen 5 5500U with Radeon Graphics,1,108G,SSD,,,,,,,1,,Ubuntu 22.04 (linux-6.5.0-44-generic-glibc2.35),,"Python: 3.10.12, GCC-11.4.0",,,,available,NeuralMagic,Automated by MLCommons CM v2.3.3. ,ASUS_Vivobook,edge,edge server,ASUS_Vivobook-reference-cpu-deepsparse_v1,,,reference,cpu,default_config
110,2520.000000 MHz,N/A,N/A,,23.64703369140625 GB,N/A,NVIDIA GeForce RTX 4090,,2,,air,,,open,,vLLM 0.5.2,202G,undefined,1,Gig Ethernet,N/A,"L1d cache: 1.1 MiB (24 instances), L1i cache: 768 KiB (24 instances), L2 cache: 48 MiB (24 instances), L3 cache: 45 MiB (1 instance)",24,4800.0000,,Intel(R) Xeon(R) w7-2495X,1,6.9T,SSD,,,,,,,1,,Ubuntu 23.04 (linux-6.2.0-39-generic-glibc2.37),,"Python: 3.11.4, LLVM-10.0.1",,,,available,NeuralMagic,Automated by MLCommons CM v2.3.1. ,"GATE Overflow Intel Sapphire Rapids RTX 4090 (2x RTX 4090, vLLM, FP8)",datacenter,onpremise,GO_2xRTX4090-reference-cpu-pytorch-v2,,,,,
111,,N/A,N/A,,N/A,N/A,N/A,,0,,air,,,open,,pytorch v2.2.1,202G,undefined,1,Gig Ethernet,N/A,"L1d cache: 1.1 MiB (24 instances), L1i cache: 768 KiB (24 instances), L2 cache: 48 MiB (24 instances), L3 cache: 45 MiB (1 instance)",24,4800.0000,,Intel(R) Xeon(R) w7-2495X,1,6.9T,SSD,,,,,,,1,,Ubuntu 23.04 (linux-6.2.0-39-generic-glibc2.37),,"Python: 3.11.4, LLVM-10.0.1",,,,available,NeuralMagic,Automated by MLCommons CM v2.3.1. ,GO Intel SPR 1S 24C,datacenter,onpremise,GO_Intel_SPR-intel-cpu-pytorch-vdefault-default_config,,,,,
112,2610.000000 MHz,N/A,N/A,,23.64971923828125 GB,N/A,NVIDIA GeForce RTX 4090,,1,,air,,,open,,deepsparse v1.5.2,128G,undefined,1,Gig Ethernet,N/A,"L1d cache: 512 KiB (16 instances), L1i cache: 512 KiB (16 instances), L2 cache: 16 MiB (16 instances), L3 cache: 64 MiB (2 instances)",16,5881.0000,,AMD Ryzen 9 7950X 16-Core Processor,1,18T,SSD,,,,,,,1,,Ubuntu 22.04 (linux-6.5.0-41-generic-glibc2.35),,"Python: 3.10.12, GCC-11.4.0",,,,available,NeuralMagic,Automated by MLCommons CM v2.3.1. ,PCSPECIALIST AMD AM5 (1x RTX 4090),datacenter,onpremise,pcspecialist_amd_am5-reference-gpu-pytorch-v2,,,,,
113,,N/A,N/A,,N/A,N/A,N/A,,0,,air,,,open,,deepsparse v1.5.2,128G,undefined,1,Gig Ethernet,N/A,"L1d cache: 512 KiB (16 instances), L1i cache: 512 KiB (16 instances), L2 cache: 16 MiB (16 instances), L3 cache: 64 MiB (2 instances)",16,5881.0000,,AMD Ryzen 9 7950X 16-Core Processor,1,18T,SSD,,,,,,,1,,Ubuntu 22.04 (linux-6.5.0-41-generic-glibc2.35),,"Python: 3.10.12, GCC-11.4.0",,,,available,NeuralMagic,Automated by MLCommons CM v2.3.1. ,PCSPECIALIST AMD AM5,"datacenter,edge",workstation,phoenix_Amd_Am5-reference-cpu-deepsparse-vdefault-default_config,,,,,
114,,PCIe Gen4 x16,N/A,,48 GB,GDDR6,NVIDIA L40S,,8,,air,,,open,,vLLM 0.5.2,1.5T,undefined,1,Gig Ethernet,N/A,"L1d cache: 1.3 MiB (40 instances), L1i cache: 1.3 MiB (40 instances), L2 cache: 40 MiB (40 instances), L3 cache: 160 MiB (5 instances)",4,undefined,,AMD EPYC 9254 24-Core Processor,2,6.3T,SSD,,,,,,,1,,Ubuntu 22.04 (linux-5.15.0-94-generic-glibc2.35),,"Python: 3.10.12, LLVM-15.0.6",,,,available,NeuralMagic,Automated by MLCommons CM v2.3.3. ,"Crusoe Cloud L40S (8x L40S PCIe, vLLM)",datacenter,edge server,vLLM_8xL40S-reference-cpu-pytorch-v2,,,,,
115,,PCIe Gen5 x16,"18x 4th Gen NVLink, 900GB/s",,141 GB,HBM3,NVIDIA H200-SXM-141GB,,1,,Air-cooled,NVMe,SSD,open,,CUDA 12.4,2 TB,32x 64GB MTC40F2046S1RC48BA1,10x 400Gbe Infiniband,Infiniband;  Data bandwidth for GPU-PCIe: 504GB/s; PCIe-NIC: 500GB/s,Ethernet/Infiniband on switching network,,56,,,Intel(R) Xeon(R) Platinum 8480C,2,"2 TB SSD, 5 TB CIFS","NVMe SSD, CIFS mounted disk storage",H200 TGP 700W,,,,,,1,,Ubuntu 22.04.4,,"CUDA 12.4, Driver 550.54",,,,available,NVIDIA,,NVIDIA H200 (1x H200-SXM-141GB),datacenter,N/A,H200-SXM-141GBx1_TRT_DepthPruned,,,,,
116,,PCIe Gen5 x16,"18x 4th Gen NVLink, 900GB/s",,141 GB,HBM3,NVIDIA H200-SXM-141GB,,1,,Air-cooled,NVMe,SSD,open,,CUDA 12.4,2 TB,32x 64GB MTC40F2046S1RC48BA1,10x 400Gbe Infiniband,Infiniband;  Data bandwidth for GPU-PCIe: 504GB/s; PCIe-NIC: 500GB/s,Ethernet/Infiniband on switching network,,56,,,Intel(R) Xeon(R) Platinum 8480C,2,"2 TB SSD, 5 TB CIFS","NVMe SSD, CIFS mounted disk storage",H200 TGP 700W,,,,,,1,,Ubuntu 22.04.4,,"CUDA 12.4, Driver 550.54",,,,available,NVIDIA,,NVIDIA H200 (1x H200-SXM-141GB),datacenter,N/A,H200-SXM-141GBx1_TRT_LCM,,,,,
117,,PCIe Gen5 x16,"18x 4th Gen NVLink, 900GB/s",,141 GB,HBM3,NVIDIA H200-SXM-141GB,,1,,Air-cooled,NVMe,SSD,open,,CUDA 12.4,2 TB,32x 64GB MTC40F2046S1RC48BA1,10x 400Gbe Infiniband,Infiniband;  Data bandwidth for GPU-PCIe: 504GB/s; PCIe-NIC: 500GB/s,Ethernet/Infiniband on switching network,,56,,,Intel(R) Xeon(R) Platinum 8480C,2,"2 TB SSD, 5 TB CIFS","NVMe SSD, CIFS mounted disk storage",H200 TGP 700W,,,,,,1,,Ubuntu 22.04.4,,"CUDA 12.4, Driver 550.54",,,,available,NVIDIA,,NVIDIA H200 (1x H200-SXM-141GB),datacenter,N/A,H200-SXM-141GBx1_TRT_Sparse,,,,,
118,,N/A,N/A,,Shared with host,LPDDR5,NVIDIA Jetson AGX Orin 64G,,1,,Air-cooled,eMMC 5.1,eMMC 5.1,open,,"Jetpack 6.0, TensorRT 10.1, CUDA 12.2",64 GB,64GB 256-bit LPDDR5,1 Integrated,Gig Ethernet,USB forwarded,,12,,,12-core ARM Cortex-A78AE CPU,1,"64 GB eMMC, 5TB CIFS","eMMC 5.1, CIFS mounted disk storage","GPU and both DLAs are used in resnet50 and Retinanet, in Offline scenario",,,,,,1,,Jetson r36.3.1 L4T,,"Jetpack 6.0, TensorRT 10.1, CUDA 12.2, cuDNN 8.9.4",,Dell USB-C 130.0W Adapter (HA130PM170),130W,available,NVIDIA,,NVIDIA Jetson AGX Orin Developer Kit 64G (TensorRT),datacenter,N/A,Orin_TRT_DepthPruned,,,,,
119,,NVLink-C2C,1x 400Gbe Infiniband,,96 GB,HBM3,NVIDIA GH200 Grace Hopper Superchip 96GB,,1,,Air-cooled,NVMe,SSD,open,,"TensorRT 9.3.0, CUDA 12.2",512 GB,16x 16DP (32GB) LPDDR5x,1x 10Gbe Intel Ethernet X550T,Ethernet; Data bandwidth for GPU-NIC is 252.06 GB/s,Ethernet/Infiniband on switching network,,72,,,NVIDIA Grace CPU,1,15 TB Block Volume,"NVMe SSD, Block storage",NVIDIA MGX Reference Platform;,,,,,,1,,Ubuntu 22.04.2,,"TensorRT 9.3.0, CUDA 12.2, cuDNN 8.9.6, Driver 535.65, DALI 1.28.0",,,,available,Oracle,,"NVIDIA GH200-GraceHopper-Superchip (1x GH200-96GB_aarch64, TensorRT)",datacenter,N/A,GH200-GraceHopper-Superchip_GH200-96GB_aarch64x1_TRT,,,,,
